"Site","Location","USDA_Species_Code","Sample_Barcode","Rep","Machine","Date","Leaf_Area","Mean_Tair","Mean_Tleaf","Tleaf.CV","Mean_deltaT","Mean_RH_R","Mean_RH_S","Mean_VpdA","Mean_VpdL","Mean_PARo","Mean_Ci_Ca","Ci_Ca.CV","Mean_CO2R","Mean_CO2S","CO2S.CV","Mean_Cond","Cond.CV","Mean_Ci","mean_Ci_init_slope","Amb.Photo","aQY","Amax.g","Convex","Anet.1500","Anet.1800","Anet.2000","Rd","LCP","LUE.max","ILUE.max","RMSE.DEoptim","RMSE.photo"
"Barrow","154boardwalkleft","PEFR5","2033","1","Flash","20160716",6,13.1347075246154,15.0621640853846,2.38574494815744,0.172707703153846,55.8040639438462,61.2422447207692,0.688264570307692,0.791917537461538,7.82322923946154,0.740182646846154,32.2784249105867,396.993534969231,390.013068561538,0.0998643609837279,0.0703814204615385,7.54084413049219,288.739926884615,382.7300076,-9999,0.0596198094897316,12.4789762786007,0.728818897403803,9.25881234718858,9.34664394983064,9.38994957130997,2.71793774381333,45.6,0.0270976557150983,163,0.344060574029779,0.344060574029779
"Barrow","154boardwalkleft","PEFR5","2034","1","Mariano","20160716",6,13.8811391186667,14.9998053246667,1.08900601934535,0.278054898066667,41.3567110706667,52.8429092393333,0.815440981,0.875037947933333,3.8802861054,0.791151882133333,22.6069152772787,401.581652833333,390.01999512,0.0793058459494873,0.144681459666667,11.8290840902834,308.565529966667,389.219974866667,16.351964525,0.052782783311205,21.239684823601,0.525750742498304,15.6406085431613,16.08216866741,16.3047081032903,2.90777938394234,55,0.0264979846574076,236,0.4288820164064,0.4288820164064
"Barrow","154boardwalkleft","PEFR5","2035","1","Mariano","20160716",6,15.6853281666667,14.9835135146667,0.534866595860023,0.658326337666667,32.4781978606667,40.2679649346667,1.03498951453333,0.994663162266667,27.2739414213333,0.735946991133333,28.7500837770735,400.357234693333,390.142643233333,0.103432849008169,0.0952069876666667,20.4482772722858,287.114866533333,383.6887826,13.84621301,0.0583976903705793,17.592788793729,0.488121044177511,13.0154221774403,13.3069028232232,13.4537317633272,2.79494508621269,47.8,0.0266290780602083,194,0.610206874430818,0.610206874430818
"Barrow","154boardwalkleft","PEFR5","2036","1","Flash","20160716",6,14.925281272,15.0000740053333,0.868169830461719,0.461707585533333,38.9987599693333,48.8882263193333,0.8869776562,0.888792050533333,15.807971954,0.7509452936,24.925879542565,402.586258953333,389.94395142,0.0983441215962672,0.130454061066667,15.0649670198242,292.822654473333,374.427479433333,15.55285972,0.0632564640861877,18.9652614127357,0.661651995038686,15.2066003760402,15.4421325904323,15.5586763819316,2.40120856008326,37.9,0.035602915706131,172,0.32568366435047,0.32568366435047
"Barrow","154boardwalkright","PEFR5","2042","1","Mariano","20160716",6,16.7781991313333,14.848314602,0.803379741059066,0.950636808533333,29.1311567933333,34.31513125,1.15404837026667,1.04332510153333,41.9480237326667,0.698626059,36.725384156095,397.60086874,390.255922446667,0.102664703602427,0.0638695429333333,7.36326584009027,272.698909706667,390.269370633333,9.8014428395,0.0368602479295754,12.2752504467317,0.704714716517064,9.40742056820088,9.56227504188828,9.63843728062115,1.99335213149806,54,0.0192182157391519,220,0.236520553429531,0.236520553429531
"Barrow","154boardwalkright","PEFR5","2043","1","Flash","20160716",6,17.6486047726667,14.84013462,0.782668992575336,0.964983667133333,24.1752766926667,30.5455499013333,1.2525168264,1.0880762838,20.16076711,0.733213434,28.3442783405506,398.164066553333,390.267236333333,0.124747693036329,0.0793413848666667,6.16721931301329,286.204636026667,385.787448466667,9.9709748855,0.0498079176791963,12.6194181624045,0.68405144252968,9.41749538407996,9.54154577970379,9.60284229872594,2.48878964209716,49.9,0.0230637992058908,186,0.356744281561113,0.356744281561113
"Barrow","154pond","CAAQ","2038","1","Flash","20160716",1.44,15.659367054,14.8849441533333,0.468454666497981,0.554548270866667,72.1808522546667,73.2901875826667,0.435776557066667,0.392535224733333,39.6121765126667,0.887366766466667,13.3611350041181,391.814841706667,390.104034446667,0.0310304829640704,0.125831211333333,25.618059464718,346.16705788,398.690968566667,10.641110055,0.0274557013426249,16.5175371408591,0.0100000000002041,9.91509566876416,10.5048846783672,10.8222934594725,1.89831072744586,69,0.0120364922217958,309,0.405520095974992,0.405520095974992
"Barrow","154pond","CAAQ","2039","1","Mariano","20160716",1.2,15.9205906930769,14.9550134215385,0.885050290661201,0.502553106230769,56.3566160930769,58.4618195761539,0.702144340307692,0.647794398846154,112.161742866154,0.803664535230769,10.6225104557379,393.061805138462,390.013200030769,0.0463957011013352,0.152864788384615,26.3186843230061,313.444938730769,-9999,13.156107075,-9999,-9999,-9999,-9999,-9999,-9999,-9999,-9999,-9999,-9999,-9999,-9999
"Barrow","boardwalkT","ARLA2","1843","1","Andy","20160711",3.06,15.6678821573333,14.907794698,0.600567190228333,0.3282788612,63.1483757006667,69.5501139333333,0.506513186066667,0.463487096,4.87881816226667,0.919983381733333,9.21180844060264,395.312774666667,390.302823906667,0.080832098953394,0.302115693066667,4.25913900093567,359.084494226667,394.9806998,14.220574905,0.0418933845604841,22.3251481604274,0.101594763056693,13.4761259494208,14.2116216571813,14.6023034880713,3.33381099875295,79.5,0.0164227085735711,333,0.242412544751927,0.242412544751927
"Barrow","boardwalkT","ARLA2","1883","1","Mariano","20160711",3.03,15.5125184373333,14.8775500613333,0.563444075926016,0.4935620726,63.2724240626667,67.3716532386667,0.543801112666667,0.508239644866667,61.363572184,0.933745659666667,7.87974057050175,392.526302086667,390.108994553333,0.0524187520721798,0.170926265733333,8.10484770626497,364.272779366667,394.800725266667,6.7303840125,0.0263119254648344,10.7022339600441,0.0100000000000108,6.40346318470401,6.71281619649097,6.87610194079852,2.02995856566563,77,0.00842072128361059,313,0.174656065668362,0.174656065668362
"Barrow","boardwalkT","ARLA2","1884","1","Andy","20160711",2.64,15.922614416,14.87601153,0.438986548092681,0.510172138933333,60.7334213253333,64.2152900693333,0.59229522,0.533653865133333,35.194019572,0.9152117066,9.2697486152525,392.67295126,390.135355633333,0.0505965988596534,0.162401120733333,3.97515269536021,357.06118226,393.688174866667,7.767318034,0.032410114967911,11.9093629414787,0.0100000000001356,7.36911403647235,7.69226275585875,7.86209164998631,2.21202047051039,68.1,0.0105395773858541,278,0.280845450781179,0.280845450781179
"Barrow","brian'spath","ERAN6","1829","1","Bernie","20160710",1.5,16.6367748807143,14.9386297642857,0.607333988403944,0.340845562142857,53.3579818178571,56.4839466642857,0.728134626857143,0.632408851714286,133.076888486429,0.871070253071429,12.9914940233029,392.850701471429,389.584422521429,0.54896909270532,0.229343570642857,15.0968173302953,339.458163785714,383.819188,16.520588325,0.0369414766928042,22.857487661431,0.353514939857207,16.0930786387372,16.8563924948334,17.2553791106115,1.48477531953423,40.1,0.0226788676092631,225,0.462236558354426,0.462236558354426
"Barrow","brian'spath","ERAN6","1835","1","Bernie","20160710",1.5,16.603529104,14.95367686,0.966584361615702,0.4667165772,55.6346178686667,57.7873186733333,0.705001821933333,0.6118265206,118.423123668667,0.846405937,15.8714063572761,392.678086346667,390.056260166667,0.0324423171746339,0.160791924066667,10.1128058636632,330.150685033333,388.074632366667,12.673343675,0.0469163819774351,17.3107409573191,0.359355831321133,12.3382497965158,12.7282175350339,12.9278583370545,2.45145402248171,52.2,0.0212508778798114,220,0.278928636653319,0.278928636653319
"Barrow","Brian'sPath","CAAQ","1924","1","Bernie","20160712",1.08,15.3504831946667,14.84986159,0.282343563098778,0.265177401466667,46.694769288,48.9614672346667,0.866041051466667,0.838363538666667,226.628661086667,0.844015917,16.4822002549088,391.93690592,390.080688473333,0.047327778770191,0.157647741933333,3.95931694528826,329.243032513333,388.376315833333,13.44494829,0.0300341900761951,18.2561528715589,0.504560029597234,12.9256106411612,13.4830960719812,13.7683496444284,1.79242711066126,59.6,0.0170913804109992,292,0.219601335450864,0.219601335450864
"Barrow","Brian'sPath","CAAQ","1926","1","Bernie","20160712",0.885,14.2589665086667,14.940908814,1.19399864431372,0.244223423866667,57.0937227886667,58.7270790106667,0.710536754333333,0.74750361,273.337664793333,0.801569041066667,27.5140487740399,391.615010586667,390.111417626667,0.0430107550944474,0.145764133533333,16.3188504212044,312.706201606667,392.233729633333,14.30476247,0.0194417554806991,16.9752380067409,0.866074515024954,13.3258924386169,13.7971752031741,14.0126892024018,1.56749624187584,80.4,0.013979799939413,489,1.01075658215564,1.01075658215564
"Barrow","Brian'sPath","ERAN6","1827","1","Derek","20160710",1.5,16.5619820266667,14.8666884746667,0.480592668045492,0.537790923733333,57.826789856,59.5248695373333,0.667166445533333,0.5719536722,72.011252594,0.8594123196,13.3639271908014,392.070249433333,390.05161744,0.0274970411184473,0.134259929533333,14.1849190876811,335.220930526667,387.512941633333,9.802207578,0.0312389426388667,13.4458375536577,0.292683390523971,9.48568934960374,9.84305268489486,10.0280653234621,1.55364955573052,49.6,0.0151788177323332,223,0.54959983452708,0.54959983452708
"Barrow","Brian'sPath","ERAN6","2061","1","Derek","20160717",1.26,6.32851324073333,4.88712234493333,3.54982857895131,0.341911753333333,56.475760142,61.1636634833333,0.3272638462,0.282311706066667,70.0868817646667,0.947693319333333,4.84988492287989,392.179831933333,390.07448324,0.0418999640797852,0.484629742533333,5.92966319889396,369.67193534,389.8646791,12.9226743,0.040580901555153,18.2920629164866,0.169604023559113,12.1195514515438,12.6519722806232,12.9310652336925,2.39731677515465,59,0.0176197477834074,254,0.616302733109597,0.616302733109597
"Barrow","Brian'sPath","ERAN6","2062","1","Bernie","20160717",1.68,7.02755133306667,4.90225410466667,1.36241614995564,0.4600998004,44.5299397793333,49.688913472,0.437180750666667,0.370240068133333,81.1357523573333,0.946705735466667,4.30135339800166,392.053114826667,390.065590406667,0.0296281634089045,0.310781878533333,13.315099827529,369.276417746667,387.0465089,8.524366653,0.0182936801088294,10.8450108372559,0.569030669914122,8.20890651078315,8.51733256292147,8.67330019747944,0.759535162998645,41.3,0.0118883104988884,240,0.374167953448845,0.374167953448845
"Barrow","Brian'sPath","ERAN6","2063","1","Bernie","20160717",1.29,5.956167825,4.8347911516,2.16597053067666,0.391041345266667,54.0076810193333,58.0662750233333,0.3583562502,0.3234208324,112.478560893333,0.941923544666667,6.25702196494545,391.680173753333,390.031233713333,0.0283666143158782,0.3404739956,4.24048446778167,367.382598733333,391.6164832,10.3713730355,0.0371161064903451,16.0269631367474,0.043365584953364,10.005385108096,10.4805075790129,10.7314088135048,2.53425989691884,68.2,0.0137039810971311,284,0.262378285413254,0.262378285413254
"Barrow","Brian'sPath","ERAN6","2064","1","Derek","20160717",1.23,5.40411516826667,4.91359256106667,1.95622592319523,0.339220028466667,67.3520838413333,71.4582555133333,0.2420698366,0.227039771933333,85.220579532,0.973586471133333,3.30036547449609,391.2226359,390.043967693333,0.0352773676553416,0.508259782,15.6730049280346,379.74065522,395.025232866667,8.4308326505,0.0453262100532801,14.1600087027525,0.11327996756268,8.02247434950432,8.35068397181139,8.52100470202694,3.89255262346069,85.8,0.0109089955799135,333,0.576167944761717,0.576167944761717
"Barrow","Brian'sPath","ERAN6","2065","1","Derek","20160717",1.77,5.3967292466,4.89931522993333,4.85101545909658,0.2843458102,50.5448567706667,57.67132136,0.366984731333333,0.3516199988,4.57010804806667,0.957399289933333,4.41545057678864,391.956402593333,390.005590813333,0.0211885024988744,0.387960993666667,2.93038794102429,373.389476586667,391.498464133333,8.7705844015,0.0417390677743193,13.4583788918156,0.0100000000000171,8.25604322790865,8.59117817493809,8.7663977358741,2.83734986607805,67.9,0.0122655528018128,273,0.379789492808379,0.379789492808379
"Barrow","Brian'sPath","ERAN6","2066","1","Bernie","20160717",1.5,4.09450356166667,4.9311867078,5.50823786908153,0.268032645133333,68.3174952193333,73.5797587073333,0.241862652933333,0.267065763333333,77.976262668,0.9652744924,5.38234625692168,391.507767733333,390.072731513333,0.0360897650865269,0.409117636066667,5.83587042405426,376.530711933333,398.517502766667,10.38979098,0.029403126892309,18.2609446985259,0.117465651470292,9.58205109994756,10.2328024634748,10.5808587887866,3.66240003152583,124.4,0.00946733339434572,494,0.469652298378418,0.469652298378418
"Barrow","Brian'sPath","ERAN6","2071","1","Derek","20160717",1.65,4.84628437353333,4.91439825686667,3.77595540326317,0.2879323416,62.7577685026667,68.849893188,0.274104305533333,0.275795183133333,88.3222910526667,0.964604217866667,5.40194255013594,391.603053786667,390.1260437,0.0286119867403747,0.446796934133333,12.6679559644153,376.316675853333,395.546277966667,9.3431645275,0.0259261845347993,17.4884269732535,0.0199812741226694,9.03942462546828,9.69589366599147,10.0512361960775,3.07609622537046,118.5,0.00881371958496131,486,0.309638097996725,0.309638097996725
"Barrow","Brian'sPath","ERAN6","2072","1","Derek","20160717",1.8,5.2779434522,4.94645531973333,2.1451562587291,0.342623724733333,58.125454204,64.23154831,0.3102505992,0.299842949,13.4756298073333,0.957200911666667,4.27632869714511,392.032466653333,390.094399006667,0.0532546993160081,0.380582920466667,5.04913491102316,373.40187562,390.770300033333,8.5812306405,0.0172647710574906,11.1149944553975,0.704335351735911,8.14727576913611,8.44115378664008,8.585724106838,1.34416021196013,77.6,0.0101665550370061,365,0.238164996535596,0.238164996535596
"Barrow","Brian'sPathEast","ERAN6","1839","1","Derek","20160710",1.28,16.543088722,14.8599027626667,0.45546847909428,0.272906846733333,58.9874966933333,61.953629302,0.6204076894,0.5261172316,84.2018061313333,0.883923134533333,10.5216042813973,393.386413586667,390.176188153333,0.0591177618325541,0.309205768533333,11.187061087998,344.889216626667,385.1981254,18.63438378,0.03386741597974,22.0215352290767,0.765793538698848,17.8947390018507,18.4224203323781,18.6772191544964,1.37042255241416,40.4,0.0247668762330694,279,0.486793839001246,0.486793839001246
"Barrow","brian'spathfareast","ERAN6","1840","1","Bernie","20160710",1.35,14.7614307393333,14.8868857066667,0.561843345801217,0.232753349266667,65.5477272033333,68.3699742633333,0.5417278308,0.548091767266667,111.457507844667,0.898788138866667,12.6611780189548,392.210935466667,390.169844553333,0.0490802191349736,0.2363978218,9.16065256491165,350.69493618,397.157830933333,12.548634805,0.0423571334071856,18.5283697997775,0.412156694516849,12.0792670815083,12.5404558390618,12.776496916288,3.48195712087981,82.1,0.016711388804431,317,0.21575680759871,0.21575680759871
"Barrow","bryan'spath","CAAQ","1965","1","Bernie","20160714",1.05,14.5088587866667,14.9217479488889,0.614020146153043,0.313633403055556,70.7435065372222,72.6085446666667,0.479781675833333,0.501486783111111,0.642592052666667,0.851190497388889,31.1860148484164,390.972054372222,390.021009666667,0.0381423642214509,0.220253457555556,37.4119233055453,332.005279188889,409.0764733,11.647590445,0.0319385685140548,23.9308273647403,0.0100000000002546,10.8641648889763,11.8018927430058,12.3130074708497,5.130461300945,160.5,0.00925229230900024,645,0.56381088210696,0.56381088210696
"Barrow","bryan'spath","CAAQ","1997","1","Bernie","20160714",1.17,14.1515629446667,14.9082223253333,0.704749882203033,0.0449189782666667,60.3739695226667,63.8515619913333,0.626625095333333,0.667378805733333,0.681190705333333,0.905225654,12.718706153445,392.165893553333,390.136549893333,0.0385465529351686,0.2647084456,3.56397728138853,353.1680278,400.9584545,16.310263925,0.0549355287816088,26.4822505805222,0.010000000000008,15.1646027363501,16.0092057520185,16.4585474240084,4.91387633734495,89.4,0.0178781030066394,364,0.403043362007401,0.403043362007401
"Barrow","bryan'spath","CAAQ","1998","1","Bernie","20160714",1.02,13.9092415486667,14.9519611993333,1.3188180790602,-0.23609597,65.6589019773333,70.0617609666667,0.535327526333333,0.591210003866667,0.278775292533333,0.966532748333333,9.00365685928021,390.728509533333,390.121305346667,0.0384326179785849,0.451876692466667,21.0983905486657,377.071140506667,409.607144066667,10.487914289,0.0601103797607454,24.9024750182608,0.0347922143147272,10.3221740173431,11.0440957674197,11.4248400301976,9.30753445632102,154.8,0.0092767842744466,642,0.487423956903624,0.487423956903624
"Barrow","bryan'spath","ERAN6","1877","1","Mariano","20160713",1.38,28.884239579,24.750701522,0.466588053447974,0.6530247115,30.671847916,32.627625085,2.2401553805,1.8310531914,239.44382018,0.6378002972,5.43797454818747,393.71671752,389.9098114,0.0324473913739869,0.1091804019,25.9025284443889,248.68595466,-9999,11.075022895,-9999,-9999,-9999,-9999,-9999,-9999,-9999,-9999,-9999,-9999,-9999,-9999
"Barrow","bryan'spath","ERAN6","1935","1","Andy","20160712",1.59,3.3645875965,5.72465848921429,10.3819974711515,0.180277488785714,77.4547860292857,80.855862755,0.217211227571429,0.290309992857143,5.54051102921429,0.926583874857143,7.97349914915142,391.639702928571,389.992130828571,0.0268874154975776,0.210423660285714,5.59040816393395,361.362965028571,389.2445665,9.534594964,0.0241933401137929,13.9043664697028,0.0915161708353955,8.960877489802,9.43926593868259,9.69457303882103,1.2831653667473,52.9,0.0120662718094837,252,0.357254205622534,0.357254205622534
"Barrow","bryan'spath","ERAN6","1961","1","Mariano","20160713",1.5,29.031371306,24.8400667833333,0.262242635752271,0.3434920582,30.4265721633333,32.6091092426667,2.25835644893333,1.84008957913333,195.248501472,0.772062983666667,23.9858734835803,392.840694166667,390.106190993333,0.0543428280161937,0.1129531794,10.6102643341332,301.201702473333,381.4196851,11.43373401,0.0354042404780909,13.6661586936302,0.828291847393387,11.0879677331449,11.2243710543563,11.2898927344398,1.86120351001672,52.5,0.0220392081447097,244,0.391555038814567,0.391555038814567
"Barrow","Bryan'spath","ERAN6","1828","1","Andy","20160710",1.65,15.3419194228571,14.8963650971429,0.97709957265186,0.465837142214286,71.7723154335714,73.7270202628571,0.443166608428571,0.417109864928571,77.5560073842857,0.828234839642857,22.4112222679492,382.8853084,380.162091935714,0.0478937257339713,0.181747317571429,25.2054628508181,314.872173028571,387.4300739,14.68466522,0.0300607701124997,19.2910930000531,0.733266004715711,13.8797623402764,14.3645612436961,14.6010750412999,2.7995562151412,93,0.016843936690844,402,0.843625204456728,0.843625204456728
"Barrow","Bryan'sPath","CAAQ","1950","1","Derek","20160713",1.02,28.3564393178571,24.9513180607143,0.729809275037437,0.196547075785714,34.0198959635714,35.5562011164286,2.13542578942857,1.79751518878571,102.353775565,0.798450074785714,23.2675015933634,392.034356257143,390.026750835714,0.0427136143614376,0.114972641142857,27.8698956377642,311.425767278571,392.057128066667,14.31836004,0.0864266196122498,21.3522158233484,0.1645615401014,14.0122518966287,14.4129206065395,14.6187379286012,4.70219322227945,54.4,0.0264093073356292,211,1.063590894501,1.063590894501
"Barrow","Bryan'sPath","CAAQ","1951","1","Bernie","20160713",0.9,27.6791081746667,24.9545019786667,0.805861294093429,0.277521192133333,32.7085703526667,33.9691780086667,2.17720399346667,1.90907753546667,85.1043772373333,0.745847615866667,19.2516118355734,391.545711273333,389.938871253333,0.0487457586577249,0.0963426731333333,11.2757741556292,290.842522766667,355.424010966667,9.8786998125,0.0164558929804794,10.0061370679175,0.9999,9.55682813763555,9.55699976670756,9.55707309197463,0.448626912916085,27,0.0156501195394336,583,1.33601771432897,1.33601771432897
"Barrow","Bryan'sPath","CAAQ","1952","1","Bernie","20160713",1.125,28.0469362893333,24.5677371973333,1.63105199882633,0.497567837066667,30.5284948973333,31.655784098,2.23265123573333,1.89545041253333,60.7088630686667,0.673258180666667,27.2049762987544,391.945579013333,390.02011514,0.0396318661792893,0.0705735751333333,13.428074013127,262.58091186,339.8308282,8.620452735,0.0680221608724425,11.1312949108109,0.593085632725214,8.90305960003807,8.98793197227891,9.03023139123216,1.72534843524602,25.3,0.0335012869005601,104,0.4902992384713,0.4902992384713
"Barrow","chickmagnet","ARLA2","2177","1","Andy","20160720",2.7,2.7885730506,5.08241224305,5.69402042221118,0.3542615954,65.599287605,71.0578830725,0.2809237667,0.3489336178,4.08374209395,0.90649529255,7.32766597236501,392.699601755,389.97211761,0.0552849284844237,0.157285417,6.95494580968282,353.50269144,383.375353775,6.3554432195,0.0206295767138282,7.97029439690128,0.502104427299284,6.2277291293393,6.39157471052862,6.47432044847561,0.735792136352093,35.5,0.0119833424303379,179,0.196763329119341,0.196763329119341
"Barrow","CribbinIsland","ERAN6","1837","1","Andy","20160710",2.34,15.61846536,14.9667819973333,0.923450668232107,0.319165493066667,67.8597315466667,72.4939875286667,0.4559653152,0.419176301466667,143.98510946,0.910698457866667,9.73538604399498,394.578334553333,390.112624086667,0.0443375600116913,0.314230677333333,5.91264049593671,355.27430876,391.755071066667,16.122329485,0.0300335779598019,22.2903942647927,0.584522982006218,15.3481723168426,16.1118056417972,16.5005211872395,2.25300126860915,74.9,0.0175802957418017,369,0.349555165369191,0.349555165369191
"Barrow","CribbinIsland","ERAN6","1838","1","Mariano","20160710",2.25,15.681947994,14.905240631,0.899828116049072,0.8353484157,66.78258133,69.07854538,0.5107632473,0.4670299236,147.81666338,0.7657517361,14.2648322996201,394.99711609,389.99216308,0.0276676601554948,0.1389851647,20.8930476707846,298.64455171,-9999,11.39763286,-9999,-9999,-9999,-9999,-9999,-9999,-9999,-9999,-9999,-9999,-9999,-9999
"Barrow","cribbinisland/trailmat","ERAN6","2100","1","Andy","20160717",2.34,4.51371386833333,4.8686972302,1.74513357914146,0.422566936,70.635044862,77.401889546,0.202794526733333,0.213372113266667,9.84200019733333,0.934368630666667,5.13253673042811,394.550067126667,390.09939576,0.050540195269757,0.372244502066667,6.60878441568644,364.497811986667,385.416818766667,11.67337923,0.0409396840193837,15.4518409764225,0.0100000000000521,11.090873903165,11.5173225118176,11.7416904076927,1.27449626210942,31.1,0.020860975561406,152,0.288195574740831,0.288195574740831
"Barrow","cribbinisland/trailmat","ERAN6","2101","1","Andy","20160717",1.98,5.1292675654,4.92123133346667,3.2260892933729,0.416844002533333,64.9893330886667,71.1979558313333,0.249254713066667,0.242756101866667,121.877763367333,0.9409150192,4.88033698754348,393.372096766667,390.103057846667,0.0613749373221702,0.368884090266667,2.32442669712961,367.057055266667,388.006078133333,9.5925789265,0.0276789534795719,11.4849816909689,0.717632757657145,9.27629615187969,9.45634493011437,9.54455324186415,1.20846028774034,43.5,0.0172366177831161,221,0.495691396083989,0.495691396083989
"Barrow","frontofhut","SAPU15","1978","1","Flash","20160714",3.261,14.0244825366667,15.0040631626667,1.6933717820693,-0.162707395066667,49.9793197633333,62.8099347446667,0.65287241,0.7057513614,162.039856966667,0.879105835133333,10.165406107348,399.357857253333,390.073087573333,0.0891510358886725,0.3366236832,12.2508176358452,342.91220422,384.943155366667,19.124612205,0.0366009167853979,20.4064606194834,0.942571366864296,18.1712036391372,18.3146635708808,18.3793906488052,1.59652482055145,43.5,0.0293439681929377,339,1.06120310947505,1.06120310947505
"Barrow","frontofhut","SAPU15","1984","1","Mariano","20160714",3.855,14.37401123,14.9865153626667,1.38607262673324,-0.597946005666667,28.0243679046667,50.424230194,0.851335542533333,0.884328102333333,188.130944813333,0.892653153933333,9.76620103412046,401.683577493333,390.003763853333,0.0804998368104079,0.416621438733333,8.80711506494011,348.14423172,385.2940382,22.35587851,0.0411930124205266,28.8481356362466,0.651251475476822,21.6033844211771,22.4920587027476,22.9363959414417,2.09998620797696,50.9,0.0274740408438085,300,0.408907456667065,0.408907456667065
"Barrow","frontofhut","SAPU15","2103","1","Mariano","20160718",4.107,4.88042620242857,4.92646384235714,2.20217280709827,0.142795071928571,53.7003805971429,68.8194514685714,0.273903667357143,0.274960226642857,102.389469145714,0.958357683214286,3.76218279215818,395.190475464286,390.012122021429,0.0501273139464872,0.5313398095,7.53052212095105,373.770579892857,389.024726033333,11.3740104,0.0280759193094197,14.990183719806,0.590199569257484,11.1640122073841,11.5426421325866,11.7328058657709,1.56607374434176,55.7,0.0162920922455583,271,0.338100265209161,0.338100265209161
"Barrow","frontofhut","SAPU15","2104","1","Flash","20160718",4.164,6.90559995175,4.940687269125,2.82972961510631,0.678981829875,48.134362936875,60.402036190625,0.3346696295,0.2724365173125,97.37640141875,0.9435176085,3.62509986846105,396.68204880625,389.84089660625,0.126799851696926,0.4920850468125,26.7988425086281,367.82700586875,384.020045333333,11.7708922133333,0.0431754286794913,14.4725991890025,0.260417835724656,11.1870263832543,11.5111188147175,11.6779538228066,1.14167368878448,26.4,0.0241654644021911,135,0.414953233385565,0.414953233385565
"Barrow","frontofhut","SAPU15","2105","1","Mariano","20160718",3.513,4.4031309634375,4.9211969671875,2.6241169855119,0.4280575456875,57.298845768125,69.29171371375,0.2736535180625,0.289264107625,118.263570325,0.9562078026875,3.37825116768443,394.30023194375,390.087152475,0.0750353707050637,0.443291615625,22.8214073401824,373.0078882875,387.876903966667,9.19601108466667,0.0404799778288555,12.7963809885216,0.0100000000000553,8.73424729480985,9.04864637120548,9.21290221643349,1.85001209146449,45.6,0.0156084771461918,194,0.363537421125244,0.363537421125244
"Barrow","frontofhut","SAPU15","2106","1","Flash","20160718",3.657,6.43919830313333,5.05131073,6.50599610762392,0.472460873133333,53.3135007233333,64.0352579753333,0.3042919806,0.260906783133333,108.220532223333,0.9417809542,3.44923910825659,396.133479813333,390.01380616,0.122274735219208,0.486942746,19.1478719073261,367.303223106667,381.7499034,12.06701708,0.0309823608234124,13.6058117895658,0.533499648515233,11.7291788092322,12.0334211651865,12.1868686174576,0.0215395580663796,0.600000000000023,0.0292955460645908,26,0.37557252045126,0.37557252045126
"Barrow","inyourface","ARLA2","1845","1","Mariano","20160711",2.04,15.0908709257143,14.8939020964286,0.45852129538491,0.417502996428571,66.9714246478571,69.8223451907143,0.510631567071429,0.499348780214286,36.6053661628571,0.883702736071429,14.2385289133991,392.962101521429,390.079411092857,0.065519097587439,0.174746297142857,19.1624666491519,344.728107007143,389.4302149,11.961665,0.024778834900566,16.5381430151706,0.349561013140151,11.0491899275488,11.6303106209515,11.9354423218421,1.4059673821302,56.6,0.0139335525334206,285,0.586041781387707,0.586041781387707
"Barrow","inyourface","ARLA2","1908","1","Andy","20160712",2.49,4.3798392456,4.90599524173333,1.47709775673588,0.430149374933333,38.9522936506667,44.9097936006667,0.477937378933333,0.493646928066667,19.28114713,0.915644210466667,7.50576812631113,392.361372906667,390.193566906667,0.0468563006212109,0.146279143866667,6.1029084114614,357.278068186667,386.026473133333,6.1000638955,0.0256422843517141,8.47161872342482,0.114223057522803,5.92479617015757,6.12914722096102,6.23539272698572,1.13916116162908,44.3,0.0107397003520918,190,0.213322199400055,0.213322199400055
"Barrow","inyourface","ARLA2","1909","1","Mariano","20160712",2.4,3.70166168892857,4.92293044485714,5.06113114985985,0.380097394642857,72.4103121071429,75.4297823221429,0.231556736785714,0.268027803,20.8367982592857,0.750526885285714,25.1170128790725,395.195268907143,390.151892528571,0.063323931671928,0.116606430357143,17.1995027914104,292.845942414286,359.484464466667,11.25619424,0.0491181650859229,12.8235720315828,0.223197586593142,11.1066396518611,11.3479207573771,11.4715962544019,0.142375008642916,2.80000000000001,0.0403076617578084,34,0.400792527148837,0.400792527148837
"Barrow","inyourface","ARLA2","1959","1","Mariano","20160713",2.52,25.5741669333333,24.9781694416667,0.420582503288485,0.00714283666666667,30.5442220375,36.3390823991667,2.04288597325,1.98499923466667,247.930995933333,0.727564120333333,10.9307351108347,396.915054325,390.0060908,0.032158183111608,0.135726117666667,29.9162678646018,283.755161025,-9999,13.95895284,-9999,-9999,-9999,-9999,-9999,-9999,-9999,-9999,-9999,-9999,-9999,-9999
"Barrow","inyourface","PEFR5","1925","1","Derek","20160713",6,24.4622913366667,24.929062144,0.505514172356874,0.1581992488,37.5998512266667,46.443948618,1.70030259473333,1.7423475722,163.779360469333,0.733591023133333,25.993870927329,401.088051353333,390.2482483,0.130900654421889,0.0925277247333333,11.0924192080549,286.34028532,378.1097268,11.2200771,0.0605302361658658,14.7037452260108,0.585642385766083,10.84775694266,11.0180145771716,11.1029084437376,2.84792036199023,47,0.0262300169756809,177,0.34196552049929,0.34196552049929
"Barrow","inyourface","PEFR5","1927","1","Bernie","20160713",6,24.2690687806667,24.9363651273333,0.571720882918975,0.241441186866667,62.2589630133333,69.871018982,0.986849227133333,1.04802687926667,199.335371906667,0.830192124866667,23.0727877666942,399.711903906667,390.03477376,0.133103896908992,0.134507461666667,6.94641736207743,323.839104566667,415.0619597,12.46443231,0.0550259448551801,17.9201001605445,0.787570589301649,11.96112524469,12.1324541210107,12.2157501809634,5.02408736056154,91.3,0.0224456214820711,289,0.318027480431799,0.318027480431799
"Barrow","inyourface","PEFR5","1928","1","Derek","20160713",6,25.044246928,24.9515502926667,0.484145327907909,0.105328963266667,31.8204238886667,41.6928054813333,1.85546257406667,1.845892547,110.504672753333,0.775941081,25.3564303671836,400.67776286,390.070973713333,0.132083049759114,0.101607822533333,17.5780710349615,302.727477033333,396.515580466667,11.424982565,0.0576327550974121,15.6484978250081,0.723796061873721,11.1427839903106,11.2920667041726,11.3654765930232,3.66086569760589,63.5,0.0248933994996411,220,0.194478237157339,0.194478237157339
"Barrow","inyourface","PEFR5","1948","1","Bernie","20160713",6,24.7589509326667,24.892493056,0.400298321549872,0.260554347533333,52.7929311113333,60.8073361713333,1.24776787486667,1.25949361353333,226.354357913333,0.776946344333333,23.5019824821939,402.814420566667,390.2559143,0.15046244957462,0.120796059733333,21.4794316233865,303.26381468,390.076887666667,14.570437795,0.0513512997208837,18.922650307099,0.628287280393691,14.230086603176,14.5420147840008,14.6969929008202,2.87707661703688,56,0.026127751076161,232,0.216478290705366,0.216478290705366
"Barrow","inyourface","PEFR5","1949","1","Mariano","20160713",6,26.4078343713333,24.890456264,0.38775085529936,0.346749381333333,26.545299404,35.2309027353333,2.09840210966667,1.94946697946667,224.547483326667,0.7244418258,31.2070665213668,400.868261726667,390.042327886667,0.0998090337785104,0.0907690378,7.19900102188679,282.586684786667,387.142772633333,11.76577394,0.0497849434731609,15.2886396749852,0.723053870934893,11.4343450275818,11.6022015529613,11.6846289079309,2.90982223808671,58.4,0.0243291158183159,221,0.228983940824362,0.228983940824362
"Barrow","Inyourface","ARLA2","1836","1","Andy","20160710",2.85,12.69285481,15.0457907438462,2.45935755385064,-0.0144762347692308,73.1713644169231,77.6406643207692,0.448517749846154,0.574449568461538,211.108453592308,0.846706519230769,17.5149239542914,394.348646892308,390.033609246154,0.0720604943906705,0.145919638076923,13.4811275021044,330.275049792308,385.759205366667,-9999,0.0425605618608953,16.032864164454,0.553625397497413,12.2655530959324,12.5679935899494,12.7197356787772,1.94969342506322,45.7,0.0228527288895046,207,0.215671550131648,0.215671550131648
"Barrow","Inyourface","ARLA2","1842","1","Andy","20160710",2.34,15.2264747613333,14.8873310726667,0.667313942057101,0.1563231896,47.9347226466667,54.2147020973333,0.780035944066667,0.760237031,39.521579488,0.8687573824,12.9745035997247,394.71837158,390.03527018,0.0492945052083318,0.223541717933333,4.26779281710568,338.849557466667,386.100326,14.51671639,0.0318721391592538,18.1381914045856,0.683416815868295,14.0732152686382,14.5059804323516,14.7195839769643,1.6324356113204,51.1,0.0203961777651918,276,0.427939585148597,0.427939585148597
"Barrow","InYourFace","ARLA2","1847","1","Mariano","20160710",2.46,14.06220818,14.93210125,NA,-0.532158811,54.07642365,59.66015244,0.695777219,0.742923297,39.09693527,1.125606168,NA,386.1947632,389.9298096,NA,0.178894743,NA,438.9073988,-9999,-9999,-9999,-9999,-9999,-9999,-9999,-9999,-9999,-9999,-9999,-9999,-9999,-9999
"Barrow","InYourFace","ARLA2","1850","1","Derek","20160710",3.36,17.1084955213333,14.8274619426667,2.85539167407611,0.322860069933333,36.0976179753333,43.46521225,0.982389295733333,0.8527893246,12.0713555016667,0.911916716266667,13.7926927259928,395.255303946667,390.100117993333,0.0473971112713944,0.216864347133333,30.0271478547369,355.748768506667,405.8332474,14.920536555,0.0358872818242133,21.2352164580223,0.562788772834698,14.1910330544749,14.7972422937964,15.1041155344538,3.34163031201162,93,0.0172046855382081,379,0.345270960850912,0.345270960850912
"Barrow","inyourfacedirect","ARLA2","1910","1","Bernie","20160712",2.28,5.53754127938462,7.12927026015385,8.98395839561791,0.365283290846154,58.2213181707692,64.2002117446154,0.376738640769231,0.430732169538462,3.03196424707692,0.915706381153846,7.92903466097387,392.761366623077,389.956204946154,0.0288783146180114,0.199395528615385,15.8927297230445,357.087631192308,394.249766266667,8.669583673,0.0380499297788783,13.1196276519442,0.231640006712969,8.54172639689622,8.84761758110754,9.00557050887693,2.53033776344279,66.4,0.0133554523358237,261,0.265907331730293,0.265907331730293
"Barrow","inyourfacedirect","ARLA2","1922","1","Bernie","20160712",2.085,4.37063549353333,5.95854536693333,4.85415372010626,0.414593902133333,71.0481165566667,74.4052103666667,0.262072969866667,0.312264813333333,15.8742477406667,0.885462212266667,9.93361092885528,392.6652649,389.993595386667,0.0289622715499468,0.1549269888,11.7003224736188,345.32481288,385.0562205,9.091026072,0.0312960213621014,11.6091774349854,0.433262763513835,8.7961752537071,9.04288032083458,9.16829597662337,1.25949192540336,40.1,0.0165978081629466,187,0.194923824659935,0.194923824659935
"Barrow","inyourfacejunction","ARLA2","1846","1","Bernie","20160711",2.4,15.4278720213333,14.890984218,0.576628850327989,0.3966428566,66.4075116473333,70.3097997026667,0.4943066194,0.4644095748,15.9679503746667,0.95592562,9.13256122756964,392.026300033333,390.162253826667,0.0549255408650243,0.227988028,12.2889110765847,372.977379126667,410.5921041,9.592547486,0.027992551837515,18.2961482862629,0.133069746156254,8.98012687223823,9.64737026609349,10.0048268204602,4.14340904054612,147.9,0.0082149472055814,577,0.285500573063724,0.285500573063724
"Barrow","inyourfacejunction","ARLA2","1880","1","Bernie","20160711",2.04,14.6949814473333,14.954821714,0.86744129424833,0.111779074066667,71.212273152,76.7951085406667,0.4051530822,0.4187492674,128.268702686667,0.944730082866667,10.0474583979959,392.98288776,390.2002889,0.0676316336550793,0.421452908933333,11.9317804219731,368.642224126667,402.994767633333,16.8217873,0.0394807366132461,31.4817398412762,0.0100000000000014,15.0957502354941,16.3576305340972,17.0480624690153,5.5058935208365,139.4,0.0134200278317507,572,0.479559876401577,0.479559876401577
"Barrow","inyourfacejunction","ARLA2","1882","1","Bernie","20160711",2.13,15.7921504973333,14.8635086053333,0.663330269964541,0.344146590733333,59.947315978,64.0720731106667,0.597786385266667,0.545609330933333,77.971613566,0.914493623533333,10.9597887342414,392.905788166667,390.1447408,0.0640286567072571,0.235390792466667,6.50327279065472,356.803595873333,397.539676333333,11.428762805,0.0302114375434745,16.8206714569838,0.493581297727285,10.8494112578585,11.330690983783,11.5764987868509,2.92504856651355,96.7,0.0131348006457869,380,0.255306793774678,0.255306793774678
"Barrow","lessinyourface","ARLA2","1930","1","Andy","20160712",3.51,3.51299502033333,4.88669102993333,4.76512072502829,0.3749614382,53.105632018,62.968183136,0.334451242533333,0.3748540654,5.82238534273333,0.925820751533333,8.30177864508483,394.127889006667,390.279833973333,0.073192462837793,0.217889212733333,2.7198654174017,361.328392766667,394.276675066667,9.543801161,0.0218153299950315,14.0113354982277,0.391788876071996,8.93952363035591,9.4123773438299,9.65886487968027,1.84637781372687,84.5,0.0104085125616601,365,0.365691135755604,0.365691135755604
"Barrow","lessinyourface","ARLA2","1954","1","Andy","20160713",2.16,24.9613488513333,24.9420360573333,0.396732685619922,0.0772261734666667,54.5112426753333,57.956582896,1.33488900473333,1.33257892453333,203.87534688,0.7920285248,22.4812026102732,394.824682613333,390.222098793333,0.0676706066161245,0.1359707264,13.9175997540575,309.09423402,386.743935766667,14.412617,0.0371368054505821,16.9426393253376,0.869673699825254,14.0218084935334,14.1923278964867,14.2728232335956,2.06903242194144,55.6,0.0249252053479356,285,0.370884607740283,0.370884607740283
"Barrow","lessinyourface","ARLA2","1955","1","Flash","20160713",3.54,25.8640762064286,24.8887750085714,0.300340478180745,0.0722648869285714,48.3744209828571,54.962903975,1.41937874371429,1.32499441228571,237.530048907143,0.813552034142857,18.4474998596,399.320155564286,390.198497214286,0.100143424521971,0.170030865571429,27.8840732507025,317.4876742,383.659168333333,17.09723925,0.0486873614688825,20.919037515202,0.70057965342037,16.5637759332836,16.9182062658534,17.0923436822237,2.37087009199651,48.6,0.0292627803340392,235,0.35252087812578,0.35252087812578
"Barrow","lessinyourface","ARLA2","1956","1","Andy","20160713",1.74,26.5094754526667,24.8597248073333,0.17226445230968,0.113414793533333,39.0522672033333,42.0540565493333,1.85276159573333,1.69323677433333,159.98037416,0.821075218933333,20.3129460053544,393.323032626667,390.161769606667,0.0496010135558406,0.125512314533333,20.5274730174447,320.348066333333,392.378123266667,12.207679345,0.0354886985697693,15.698618857267,0.787440009604213,12.1350936255509,12.3538148241867,12.4593762616791,2.40257872436483,67.6,0.0203607260877543,289,0.507604568640405,0.507604568640405
"Barrow","lessinyourface","ARLA2","1960","1","Flash","20160713",2.4,24.97354017,24.97208459,0.515976888161711,0.187879453214286,57.4434852592857,60.9374286114286,1.24509099957143,1.24380122642857,25.6499463492857,0.789281202714286,17.7466488232172,395.581089557143,390.154477807143,0.0766810001001925,0.132553762785714,30.8607574494177,307.958318528571,384.671297033333,14.94615671,0.0352311319804439,18.7131913590971,0.639639613432759,14.4860301199288,14.9285735156215,15.1488007355259,1.6653562081956,47.2,0.0221014864896516,251,0.355772238658097,0.355772238658097
"Barrow","lessinyourface","ARLA2","2125","1","Mariano","20160718",2.16,4.83431720716667,4.91868118441667,12.9785658661971,0.189442017416667,52.4144697191667,57.5803171783333,0.369966615583333,0.372964956083333,113.807261785,0.885750462083333,8.97368909401307,393.446782433333,390.046422325,0.0473780903607231,0.202041219,4.81153630452835,345.484163266667,372.902503233333,-9999,0.0401500427989474,13.8521883764509,0.232598720925613,11.5652073878676,11.8881382173337,12.054881032332,0.125839915895333,3.10000000000002,0.033647527026415,40,0.334069371860825,0.334069371860825
"Barrow","oppositet","CAAQ","2163","1","Flash","20160719",1.2,7.1868283451875,4.752197235875,4.5073593367043,0.62886487925,45.936716795,49.928441285625,0.4291553475,0.3529643414375,67.05765390375,0.9419007279375,4.6327931707335,391.7735500375,390.08830069375,0.0372801234826185,0.25042707025,7.81956972262714,367.42571310625,385.568202233333,6.548621498,0.011200881693702,7.33818427392101,0.797468571973194,6.30866826193555,6.47330745701002,6.55189809019433,0.196957400387455,17.2,0.00938813302424811,201,0.515398138333283,0.515398138333283
"Barrow","oppositet","PEFR5","2160","1","Mariano","20160719",6,4.19615121441176,4.92283341476471,3.91892892864442,0.982701166117647,47.0658926117647,59.1090108088235,0.362401990823529,0.383913144823529,88.2591772641177,0.911325865588235,8.01392086655138,396.420431694118,390.339953252941,0.0966151368550711,0.158608887529412,16.7010387090415,355.741047847059,390.5685604,7.02340040925,0.0158054891128474,9.73794639541431,0.413396123955484,6.66794883433418,6.98411164353789,7.14811545099772,0.952537959112953,60,0.00865582782033249,290,0.208902264005025,0.208902264005025
"Barrow","oppositet","PEFR5","2164","1","Mariano","20160719",6,3.80369617133333,5.25044724146667,10.0321042564858,0.299077626266667,51.937754822,74.9079600006667,0.245216206733333,0.289461440133333,112.75039418,0.957169848466667,5.25310637165548,397.657210293333,390.120033766667,0.0792394462446978,0.4276138786,12.7986320762215,373.420080913333,394.728183166667,11.69961082,0.0294154751957683,19.9119417648296,0.0100000000000891,11.0597330983918,11.8089873633662,12.2149160322177,2.69004879432271,91.3,0.0118092166394149,393,0.333391956153192,0.333391956153192
"Barrow","oppositet","PEFR5","2166","1","Mariano","20160719",6,4.646841704875,4.825184851875,3.29868335974615,0.8791180446875,49.618117094375,61.571389436875,0.336600756125,0.3415800901875,123.814432615,0.9148320539375,8.33075376261344,397.1410903875,390.3287563375,0.0891171046741149,0.1846370616875,12.39336252438,357.09204904375,391.256691833333,8.73140675566667,0.0292077049268754,12.6251504431387,0.0100000000000347,8.10699554448198,8.48542939598107,8.68572521019818,1.71093043272048,58.5,0.0117046884741923,252,0.304045297380603,0.304045297380603
"Barrow","oppositeT","CAAQ","2155","1","Andy","20160719",0.99,5.01553044821053,4.87254699915789,1.11006249884898,0.508521273789474,55.4948168305263,58.8856239305263,0.357042940947368,0.352424696,56.7968804210526,0.937635017789474,5.33147273035631,391.323526478947,389.986935268421,0.0398678874364485,0.267116530473684,9.12993017626421,365.666163284211,393.704670766667,7.195729065,0.0333087799276348,10.6475619734731,0.443650467639834,6.95178608391714,7.14791955227166,7.24721830903296,2.47588486392131,74.2,0.0114903556665879,270,0.477072776573558,0.477072776573558
"Barrow","oppositeT","CAAQ","2167","1","Andy","20160719",0.93,4.71513246295,4.9312127591,2.18695166238156,0.6365622538,61.11585617,64.4885189055,0.3134696999,0.319613332,44.5469905855,0.9247631583,6.65842772696293,391.83219451,389.957098395,0.0330096160451765,0.3060934601,20.9445292842758,360.6188435,395.660297333333,11.1987265516667,0.0391956996285699,17.2734638101869,0.0100000000000389,10.4153261050479,10.9389744030873,11.2163759018634,2.95915743473391,75.4,0.0135202963735178,311,0.564919897944101,0.564919897944101
"Barrow","oppositeT","PEFR5","2165","1","Andy","20160719",6,3.00200033810526,4.98821745421053,6.66126788595436,0.748567686736842,43.15718982,64.6708896036842,0.329195276526316,0.387261250947368,85.5345053405263,0.917147317578947,6.63368541480373,398.914847926316,390.2276515,0.0757704390841729,0.266823085631579,2.93037483665048,357.909494863158,390.265565433333,8.6583404864,0.0268152580005371,11.8474075500547,0.417912698121052,8.35971890300057,8.65575084112665,8.8072136264307,1.58598236437766,59,0.0128586305799406,254,0.210849932510979,0.210849932510979
"Barrow","pastcribbinisland","CAAQ","2075","1","Andy","20160718",1.11,5.02379799883333,4.90076126658333,3.18394257567866,0.8357106275,62.27912203375,65.4651405008333,0.300898523916667,0.296776812125,73.73733393375,0.931836111333333,6.1507117737637,391.381158195833,389.952442175,0.045135765045909,0.2237852535,17.892793746536,363.373162708333,393.8443829,5.20325925125,0.030985661062177,8.16151498953058,0.35525327950086,5.0311789779655,5.16952720946717,5.23982405178331,2.2565742847646,72.7,0.00861879695471847,263,0.453718611207091,0.453718611207091
"Barrow","pastcribbinisland","CAAQ","2077","1","Andy","20160718",1.17,4.858499243875,4.9077648521875,2.32782431423585,0.3459903220625,57.334120749375,63.14322209375,0.322017207375,0.3233830561875,53.920882225,0.9515090244375,3.97721848126736,392.076158525,390.10671043125,0.0237707309023952,0.354658637,10.6585622253655,371.19019769375,389.295045233333,8.028284892,0.0326669063136892,11.4913852594776,0.149918174429906,7.76742857690299,8.05212368060081,8.20011481545685,1.76623914840529,54,0.0128400261117239,224,0.548093312312919,0.548093312312919
"Barrow","powerlinepatio/bryanspath","ERAN6","2032","1","Andy","20160717",1.83,5.4960063934,5.01022987366667,4.01005396411594,0.442063407266667,53.8181355793333,57.9828145353333,0.3662029254,0.351090693533333,74.5656499193333,0.933308908066667,8.1412076734617,391.910819513333,390.068296313333,0.0535691438122021,0.2131360936,8.78718123696438,364.053058,389.44041705,8.4836221345,0.0702588264513683,14.2835044019265,0.102325774022335,8.09133436892636,8.33038990742354,8.45299942529179,4.62563277716605,65.8,0.0138579821602767,259,0.991587948434961,0.991587948434961
"Barrow","powerlinepatio/bryanspath","ERAN6","2052","1","Andy","20160717",1.68,5.06666061086667,4.89610726033333,1.27350217640251,0.423461184733333,67.843507894,69.6520289106667,0.262367610466667,0.257004663533333,84.9436197893333,0.913480193,12.9625563915752,391.214560953333,390.03226116,0.0479850424983611,0.113049380333333,13.5875188057585,356.285954693333,390.8074968,6.439163483,0.0437152314821893,9.57701315293692,0.0100000000001726,6.0655616452561,6.24586615915715,6.33894048879349,2.30028082454807,52.6,0.0114223576451738,210,0.664475362130666,0.664475362130666
"Barrow","powerlinepatio/bryanspath","ERAN6","2053","1","Andy","20160717",2.1,5.09276975006667,4.83016726173333,2.02071462286505,0.457798556533333,66.237494914,72.0994781486667,0.238500554,0.230452166733333,101.552328492667,0.942685198333333,4.91864604466283,393.597841386667,390.238682053333,0.0583332007044156,0.343337047933333,10.9759527773634,367.874164913333,388.4534517,10.77914725,0.0178884030031946,12.964943229839,0.713504523574952,10.0524655097287,10.4379299043541,10.6275720218541,0.800633230598516,44.5,0.0127639700168009,298,0.514469745060253,0.514469745060253
"Barrow","powerlinepatio/bryanspath","ERAN6","2054","1","Andy","20160717",1.86,4.85466554973333,4.8637307484,1.97401296595039,0.363557330933333,68.85118815,75.488907878,0.2134578906,0.213569604333333,138.468698637333,0.956354080533333,3.75400379726488,393.15024822,390.17618612,0.0747037646928732,0.4776443114,6.63445235274649,373.15072934,388.8693674,10.23620229,0.032780316309775,14.6778524012204,0.0100000000000131,9.7874521553366,10.236525124188,10.4745968406866,1.53624673774788,46.8,0.0150499035963811,214,0.346915662621575,0.346915662621575
"Barrow","powerlinepatio/bryanspath","ERAN6","2055","1","Andy","20160717",2.04,4.8101718108,4.9016967138,2.47615594190323,0.4857076346,72.088086954,76.6082453413333,0.205965027466667,0.208558920866667,102.759378558667,0.943751095533333,6.23607037119286,392.71894124,390.109368893333,0.0523106534070157,0.292951287066667,6.86507254740323,368.16557212,391.533615633333,9.1360207765,0.0201739365271817,13.7296035627965,0.356558538113241,8.89882937180098,9.38623128587878,9.64222019588871,1.40649996310223,69.5,0.0105988221629875,327,0.417315886061507,0.417315886061507
"Barrow","powerlinepatio/bryanspath","ERAN6","2056","1","Andy","20160717",2.07,4.0699230034,4.840320301,2.67076918649367,0.484847018733333,65.4211245213333,69.1098327633333,0.277587227,0.300245407133333,85.8064921053333,0.949147869,8.94904249354241,391.33469646,390.12920532,0.0425934697201655,0.1512369962,13.4005132597265,370.29327546,401.830396966667,5.602326043,0.0270658647633011,9.23905405181272,0.010000000000033,4.99313001333919,5.23211855630594,5.35734478542867,2.54456756164163,93.9,0.00614416018847722,376,0.311230063973906,0.311230063973906
"Barrow","presteve","PEFR5","2186","1","Mariano","20160720",6,3.9178612074,5.13646901453333,9.37072009125805,0.528105440333333,68.912713368,83.5914281206667,0.168991147733333,0.206128783066667,3.87368798253333,0.923517506,11.7486879288357,396.75370484,390.483913173333,0.117164412061883,0.4150070802,44.7584103390183,360.64668334,393.4272127,8.6203420025,0.0312772718434253,12.8072518337374,0.405791132960799,8.37510621135061,8.67838671291779,8.83340473458458,2.48743121966996,79.4,0.0120256208239736,304,0.150278635816721,0.150278635816721
"Barrow","presteve","PEFR5","2193","1","Mariano","20160720",6,3.71177290171429,5.10366579471429,8.19430648306754,0.399275414785714,67.0148560664286,79.5168713164286,0.204488965142857,0.246586591928571,4.947822673,0.931950837571429,6.88668075801193,396.9721963,390.410637992857,0.13073751622143,0.259378263357143,9.38083824285654,363.861460285714,389.520488166667,8.243456515,0.0321804807674639,10.8744658389424,0.513841687021292,8.05993043503398,8.25443726464095,8.35232181120829,1.63106936679585,50.6,0.015350241856977,210,0.202651594320227,0.202651594320227
"Barrow","rightinyourface","ARLA2","2107","1","Mariano","20160718",2.13,5.539833694625,4.915447086125,1.9784009931976,0.4580416898125,47.17951202375,54.910524366875,0.390818477875,0.371649290375,100.298194413125,0.9198767739375,5.72704898072464,394.131172175,390.00846481875,0.0476033765158157,0.334089528125,21.6280799170393,358.75920843125,382.6383092,13.0041827633333,0.0126308586679936,13.6639542109453,0.961770424411606,12.47066655432,12.7886197493535,12.9100896777462,0.211657453145772,16.4,0.0118400204002631,440,1.5125592038234,1.5125592038234
"Barrow","rightinyourface","ARLA2","2108","1","Flash","20160718",2.37,8.992771478,4.80421183661538,2.86581866977947,0.472740428692308,44.1297002930769,50.3687738269231,0.423212153153846,0.287454607846154,92.6956986638462,0.946933081307692,4.26519629076258,393.321030838462,389.950854969231,0.112720578406583,0.396020494153846,7.67967406740665,369.262581361538,385.1383087,10.57277394,0.0437315264449398,14.064375661516,0.193897717282477,10.5190819870759,10.8373072032107,11.0017144044489,1.40848890514577,32.1,0.0218045831343944,150,0.486273581934327,0.486273581934327
"Barrow","rightinyourface","ARLA2","2123","1","Mariano","20160718",2.34,4.85845874146667,4.79878908793333,4.96444848236371,0.344845662866667,48.527917734,56.589317068,0.375514924266667,0.373624356933333,141.59634551,0.9470805546,4.06047707054833,392.747945146667,390.158860266667,0.0447969156191643,0.298060322066667,15.8507642362943,369.513174286667,387.578322066667,7.427648234,0.0288690477817235,9.92119650633409,0.339443110170069,7.18644595158012,7.40051135439293,7.51007908617177,1.35017742783201,46.6,0.0132238613497811,199,0.255163782594353,0.255163782594353
"Barrow","rightinyourface","ARLA2","2126","1","Flash","20160718",2.07,10.3307521175333,4.5938901424,11.2136177275526,0.778224023333333,37.072959518,43.6045771273333,0.501900534,0.3113533798,103.054096474667,0.9613266838,2.65677407754226,392.585911046667,389.986926253333,0.0492429232001412,0.490551749,8.78552808893502,374.90633594,386.590305466667,7.15325106666667,0.0293146500098507,8.31539874843762,0.768760814814405,6.88578419587993,6.95807602017027,6.9934149505786,1.02798631691105,34.9,0.0179366177051399,167,0.336110445263422,0.336110445263422
"Barrow","secondbridge","ARLA2","1912","1","Derek","20160712",1.62,4.97835639313333,4.8352341016,1.54610676218646,0.5739875018,74.093342082,75.74139913,0.207776106066667,0.203396242066667,7.14710639313333,0.832230573266667,11.0839778017444,393.133909086667,390.088362626667,0.050786308661752,0.155688319333333,22.8544052550225,324.653579993333,363.6723224,12.077861095,0.0353035901614412,13.3642373926518,0.543933662537585,11.5723219974004,11.8288099600417,11.9576573366824,0.244024589061374,6.80000000000001,0.0288356232323728,76,0.48708920965049,0.48708920965049
"Barrow","secondbridge","ARLA2","1921","1","Derek","20160712",2.16,5.07575286226667,4.879769961,2.02987331750946,0.465471709866667,48.2060679113333,53.2329134613333,0.406444817266667,0.4003643388,4.7819985548,0.9175804448,6.99837800790105,392.356844073333,390.065401206667,0.0353276168084647,0.185519641133333,4.2913218063219,357.921243966667,387.104743733333,7.3755753915,0.0229293537677156,9.15641310725452,0.565134388536522,7.043908711577,7.22396112565471,7.3142389335092,1.03417249816675,44.9,0.0127584249195789,210,0.258783051802589,0.258783051802589
"Barrow","secondbridge","CAAQ","1874","1","Derek","20160711",1.2,15.141447322,14.8884933486667,0.628079677477128,0.347392990133333,64.108154806,66.039917754,0.573906903533333,0.559815096533333,13.1416859306667,0.886782663333333,17.8259497252737,391.90500488,390.14557292,0.0512086506011371,0.179514413133333,8.5796538479013,345.990511073333,410.4073576,14.585220865,0.0309309830746465,21.7519362033077,0.642781096212865,13.9803765235246,14.6586911461562,14.9986089835099,3.81587259583962,123.3,0.0147947147103698,482,0.289081431158018,0.289081431158018
"Barrow","secondbridge","CAAQ","1879","1","Derek","20160711",1.23,14.7689219153333,14.8713584266667,0.506083457613268,0.0773954977333333,59.653836314,63.2673744206667,0.6268764512,0.632048852266667,4.33722534166667,0.9013653566,14.8693991731476,392.310764566667,390.121874986667,0.0555426702339197,0.290057588733333,8.06567772349584,351.661500926667,399.842966166667,18.76946631,0.0310695156100619,33.8409923436146,0.276061343280635,17.2891433766818,18.8134379664337,19.647928599242,3.84931018554506,123.8,0.0151031440459576,557,0.445552457106039,0.445552457106039
"Barrow","soilwarming","SAPU15","1876","1","Andy","20160712",3.505,15.154111418,14.942612648,0.682198624720716,0.605415381533333,72.5861328126667,75.585136414,0.410789087133333,0.398756578533333,18.9643751153333,0.82897208,16.3925645827342,395.974167893333,390.051519773333,0.0684575185624446,0.1305679528,22.7409809704275,323.35195962,383.888802866667,12.8720491,0.0381956276586286,17.8582052951155,0.199479791246886,12.4514738813474,12.9775589929095,13.2530968797324,1.69424714860732,44.3,0.0195214649926628,211,0.219362680537978,0.219362680537978
"Barrow","soilwarming","SAPU15","1893","1","Andy","20160711",4.207,14.4011512133333,14.8710045506667,0.466416404415505,-0.0482918795333333,49.4229268393333,64.1053293853333,0.619626113266667,0.644602930466667,20.0307249073333,0.920039955866667,8.72339140281096,398.26380208,390.355013013333,0.121455671160446,0.339716688866667,8.4006359853388,359.166018566667,395.406790533333,14.99394417,0.0335876818360401,20.0289924416963,0.765823173192346,14.5430030957653,14.9741153743092,15.1823380322324,3.22057272278895,95.8,0.0185100942552371,397,0.375052194033559,0.375052194033559
"Barrow","soilwarming","SAPU15","1894","1","Mariano","20160711",3.397,14.4857683813333,14.8798204413333,0.69054367714258,-0.143303640066667,46.369843546,59.7394002266667,0.6902936692,0.711293885933333,26.6233661653333,0.920032890133333,8.05781877393769,396.808335373333,390.441743986667,0.133232627147284,0.3471685354,4.95756829040104,359.2332147,389.889313766667,14.48510964,0.0366384312188061,21.6942169607002,0.270885849520742,13.9879362580037,14.7126507045716,15.0939994055305,2.5306145967307,69,0.0175671150750522,308,0.153401373383462,0.153401373383462
"Barrow","soilwarming","SAPU15","1895","1","Andy","20160711",4.435,14.395007134,14.8793190633333,0.608014327737217,0.0996710288,44.645960236,57.46515325,0.7293850536,0.755150336733333,5.5782949766,0.898984139133333,10.4616459531069,397.65016276,390.415822346667,0.125132277956429,0.2335590096,6.03962698403037,351.007917113333,392.123645333333,12.12906294,0.0400096050804783,17.1222728375777,0.474437471957215,11.8972229335267,12.2941952798306,12.4957942518154,2.74258816921958,68.5,0.0180198392078741,277,0.198748213270789,0.198748213270789
"Barrow","soilwarming","SAPU15","1896","1","Mariano","20160711",3.648,15.062834104,14.8638431546667,0.388022718961104,-0.0168720616,39.7277575173333,52.4220380146667,0.807869191266667,0.796825873733333,0.943311103133333,0.865069250533333,11.3790518987024,400.158367933333,390.2889628,0.145775089984488,0.281862265466667,15.2455287357965,337.64583472,383.707772733333,18.78153606,0.0539035359716711,23.4466086138739,0.559996329691016,18.0819666906796,18.5859740962811,18.8392055693184,2.33119188345748,43.2,0.0313483194158111,213,0.272773935571318,0.272773935571318
"Barrow","soilwarming","SAPU15","1897","1","Andy","20160711",4.697,15.7177786506667,14.8531568513333,0.573528195155738,0.258352014733333,35.7932636266667,48.0616127013333,0.887769091,0.838870156333333,3.92261300073333,0.904474711666667,11.7472970474911,396.716357426667,390.353928633333,0.100379182551386,0.205465875733333,4.20160363521608,353.08823564,401.309103066667,11.2974089,0.0448032816469493,17.9525808864767,0.312470205263521,10.911460222085,11.3580229743908,11.5882100334535,4.0812171872778,91,0.0144791756694899,342,0.321375892415332,0.321375892415332
"Barrow","soilwarming","SAPU15","1931","1","Mariano","20160712",1.792,15.5569916413333,14.9863033933333,0.839525912374128,0.151303556933333,63.86688741,68.754081216,0.522505597,0.490683557333333,16.9982474006667,0.9212147118,7.13120454641448,394.078753673333,390.111128753333,0.0467974669374485,0.369917832133333,24.2939747073337,359.374954893333,388.237287566667,18.317308925,0.0332124232757182,29.035641485335,0.133007959080959,17.1900633310639,18.3918712764333,19.0474631271042,1.75981440783687,52.9,0.0195247019807949,291,0.41464149323731,0.41464149323731
"Barrow","soilwarming","SAPU15","2067","1","Flash","20160717",3.756,7.60499903135714,4.80572683478571,1.61482558097474,0.558121029857143,39.107583455,47.9211221421429,0.4523527535,0.363613236928571,110.587292265,0.933105257285714,4.66368458573538,394.309419907143,390.005876821429,0.081283205814418,0.250233587928571,8.5994602987887,363.915320957143,383.851344433333,7.240335313,0.0298677927090961,8.73548732572883,0.612946631030414,7.14869768361974,7.26513782546308,7.32306331281658,0.903839487509409,30.1,0.0176007381750217,148,0.256569725982975,0.256569725982975
"Barrow","soilwarming","SAPU15","2068","1","Mariano","20160717",4.534,4.51180777546667,4.87245273593333,2.82860112858144,0.675918576733333,70.081707256,76.2186101273333,0.212518658133333,0.223281777933333,112.22381083,0.905111540733333,7.01342149296737,395.844614666667,390.284053546667,0.0456951037626673,0.1881392636,12.489527858584,353.251404673333,382.903036433333,8.022305512,0.0316941729283273,9.13170338168173,0.549629607570893,7.50171919617425,7.63492678725234,7.70161034648816,0.832176353796969,26.1,0.0188914142093391,134,0.29954964687313,0.29954964687313
"Barrow","soilwarming","SAPU15","2069","1","Flash","20160717",3.737,8.33022667553333,4.85960117993333,2.60869843277517,0.790292425533333,38.0318232226667,45.925924938,0.476217148,0.364453245266667,100.993416844667,0.9072701296,6.30868409153909,395.656553146667,390.065887446667,0.10264337051501,0.234785957333333,8.7830646540801,353.90304056,380.3337251,8.861142007,0.0245960154282659,9.09652916505698,0.887392402373203,8.58276163629162,8.643276910369,8.67203806318756,0.204414595627109,8.20000000000002,0.0217179980116478,126,0.336688475666599,0.336688475666599
"Barrow","soilwarming","SAPU15","2070","1","Mariano","20160717",3.945,4.53386581733333,4.95158176426667,2.77838448140125,0.462366312,50.201402792,60.8712832133333,0.345189954333333,0.357608135133333,90.2460576353333,0.946133144266667,5.52868788619117,393.5274231,389.848858646667,0.123502739397428,0.237885094866667,13.2987440211191,368.857212253333,393.8815167,6.9043521475,0.0219181551087319,8.12532052842858,0.921654412999957,6.16805441409359,6.20746730115902,6.22605168381183,1.75989731466465,80.1,0.0128059589120627,297,0.510199668205952,0.510199668205952
"Barrow","stakeoutpond","CAAQ","1878","1","Bernie","20160711",1.44,14.5542313893333,14.877459908,0.804721103456931,0.219145302066667,44.9007481886667,48.0088381446667,0.884190601333333,0.9013735792,19.2715125406667,0.898973402533333,12.7370183983458,391.610290533333,390.155346686667,0.0286136235875311,0.142746339333333,3.19679441215417,350.748103926667,396.978574766667,8.593863564,0.0251861968224543,13.8398655131639,0.2191941911715,8.35126227469591,8.8000777645323,9.03651943500395,2.25567652886672,89.4,0.00984595516031035,364,0.262773613133541,0.262773613133541
"Barrow","tjunction","PEFR5","2148","1","Derek","20160719",6,4.2541384895,4.88596399622222,4.56914018167072,1.00183430272222,49.4337232372222,68.0742715205556,0.293007496777778,0.310475742166667,70.19882308,0.903501166388889,9.41257212797663,402.345496294444,390.361750283333,0.128371514303316,0.271076631166667,7.87218877756758,352.715581922222,393.5201115,11.631395352,0.0321833635288699,17.4132066237321,0.146183270412405,10.990714330257,11.5625674144123,11.8654903451236,2.193264448858,68,0.0141389328026705,297,0.28583608098434,0.28583608098434
"Barrow","tjunctioneast","CAAQ","1963","1","Derek","20160714",0.99,15.6124070473333,14.8717679333333,0.435466344821608,0.313318220666667,56.1639981586667,58.0390052793333,0.705974906733333,0.664844062,16.3682545326667,0.824189538733333,16.4737791963822,392.460150146667,390.13712566,0.0426953117503998,0.182750370733333,11.1537347524244,321.551557086667,378.9616164,16.66905622,0.0449791072818106,22.2360174333314,0.323052117026987,16.4282135142647,17.0717861909196,17.4058140448405,1.44657401155973,32.1,0.0273358466966824,179,0.458422765106229,0.458422765106229
"Barrow","tjunctioneast","CAAQ","1964","1","Andy","20160714",0.96,15.0168877906667,14.8908933646667,0.456480778348281,0.213268151933333,67.4605422973333,69.6227015173333,0.514013920533333,0.506918937933333,25.1028774253333,0.8828765556,13.1354699269287,392.241601573333,390.023435466667,0.0403955746495867,0.2788763964,8.01277395977095,344.34509506,392.199477533333,19.566001455,0.0393093028829369,26.4523724341753,0.555833966581484,18.4628991030547,19.3124854730282,19.7453404150051,2.71647980860071,69,0.0225540673965531,335,0.664306145749928,0.664306145749928
"Barrow","tjunctioneast","CAAQ","1986","1","Andy","20160714",0.9,15.0011944453333,14.90532659,0.507514634610638,0.133913509133333,71.4498316446667,73.8381973273333,0.444841684066667,0.439108640866667,22.4319624566667,0.9538485902,10.9718234959181,391.135146086667,390.052962233333,0.0429896505206831,0.390199148466667,11.9432162478978,372.049801253333,412.753760366667,16.72404487,0.0370299872613149,31.9387624535176,0.443662483261302,15.7828633379885,17.0687745367057,17.7463955586837,7.16660298258029,193.5,0.0131360282972953,709,0.757880410997058,0.757880410997058
"Barrow","tjunctioneast","CAAQ","1988","1","Andy","20160714",1.02,14.409012986,14.9206541686667,0.646886362070507,0.356464450666667,66.7820884706667,68.0946690873333,0.5552603436,0.582649154133333,17.59737803,0.878240554666667,20.6701496639153,390.958156333333,390.007979333333,0.0501942333550501,0.131540925733333,18.79077445892,342.52145776,409.1391811,9.218009766,0.0311796664514544,15.2342465249107,0.245129255690232,8.79402524311297,9.2475235504894,9.4845572672368,3.27284573702353,104.9,0.0101518336222372,403,0.533915184131906,0.533915184131906
"Barrow","tjunctionpond","CAAQ","2000","1","Bernie","20160716",1.08,15.588969548,14.893828074,0.602290761741772,0.346985261066667,59.2546831766667,61.0899948113333,0.655314124866667,0.615967738466667,80.52967453,0.8189056394,23.4208829855784,392.098360193333,390.023461913333,0.0287100348564873,0.1791561402,13.8828821870904,319.3979018,391.9229807,15.449096785,0.0389162102400565,22.2445420780255,0.423423537262577,15.1839215232453,15.8635728114891,16.2144456172887,2.58026045768932,66.2,0.0199796766655485,299,0.34257914528475,0.34257914528475
"Barrow","tjunctionpond","CAAQ","2001","1","Derek","20160716",1.14,15.632834434,14.8734218586667,0.676550861263375,0.325806250066667,59.082549794,61.183685558,0.651419213866667,0.6087206136,28.0928499213333,0.815046351266667,20.7677008434087,392.592417393333,389.93559774,0.0355467658751377,0.196212213133333,8.42940179015176,317.827911493333,384.7352817,17.3063518,0.0441954945744271,23.0297730037921,0.428550021738127,16.8445925064634,17.4974613978419,17.8330040270268,1.94055214076026,43.8,0.0256849545295108,225,0.372512554715636,0.372512554715636
"Barrow","tjunctionpond","CAAQ","2021","1","Bernie","20160716",0.87,15.1835834792308,14.9753625584615,1.24835569460739,0.0154996914615385,70.2584328292308,72.1282894423077,0.474012554769231,0.462236607307692,18.9427124892308,0.943091827461538,14.6313102107426,390.500992992308,389.996828507692,0.0407466957761693,0.301363873846154,27.3267182560866,367.811402038462,410.531256733333,-9999,0.0636610215115389,26.7055807623202,0.0100000000003513,12.9375099591645,13.7239248540458,14.1395893744105,7.96746022821175,125.1,0.013181503508227,503,0.445266929790799,0.445266929790799
"Barrow","tjunctionpond","CAAQ","2022","1","Derek","20160716",1.08,14.6190263192857,14.9006591514286,0.59294037366822,0.165334967357143,72.7266278942857,74.6170992171429,0.440829760071429,0.455754013071429,0.947814149642857,0.911414959928571,20.5926390177513,391.263621735714,390.155711578571,0.0434258569228649,0.236660313857143,19.7446604857894,355.600299407143,414.144363933333,15.43124749,0.0437716003565544,28.9073113946082,0.0976455752410599,14.3739136936055,15.4390678819589,16.0116478451553,6.13092152429956,140,0.0133432611737131,553,0.806830069543635,0.806830069543635
"Barrow","tjunctionpond","CAAQ","2142","1","Derek","20160719",0.96,5.83047693975,4.8216666876875,2.9802166150578,0.61523882325,68.824357509375,70.86662960125,0.2395491100625,0.2083771765,32.791470765625,0.9603750120625,5.35514108812916,391.063337325,390.05499268125,0.0304759006101475,0.3072352990625,29.2128057068261,374.5968357625,395.362535833333,8.047169926,0.0187932692802858,13.4763102693209,0.0813971037943678,7.55687759454579,8.0732565566356,8.35253672136638,1.72917924548613,91.8,0.00797549083943268,399,0.253969917083064,0.253969917083064
"Barrow","tjunctionpond","CAAQ","2143","1","Derek","20160719",0.87,5.34933977126667,4.8429761568,0.797082073802517,0.302388375066667,74.7416407273333,78.1452891026667,0.181362317666667,0.1656981778,41.06841456,1.00762419433333,2.91526706044622,389.556030266667,390.091587313333,0.0241662717765177,0.740520878866667,22.9360016583544,393.065114933333,403.8578062,3.8889874575,0.0283063979555359,14.3404670426942,0.0100000000000139,3.17752505815122,3.64735790695063,3.89793239894892,7.56267356893847,267,0.00213756130384276,1336,0.459901928198418,0.459901928198418
"Barrow","tjunctionpond","CAAQ","2144","1","Bernie","20160719",0.96,6.85402623090909,5.99237073554545,6.67752113893336,1.25486457354545,71.14028792,72.6433958581818,0.243535991454545,0.215328214636364,19.1207880554545,0.841758448090909,6.8845611248499,392.410991309091,389.973477454545,0.0225375525632985,0.219881119818182,50.5639854909968,328.265949936364,-9999,9.4737574454,-9999,-9999,-9999,-9999,-9999,-9999,-9999,-9999,-9999,-9999,-9999,-9999
"Barrow","tjunctionpond","CAAQ","2145","1","Derek","20160719",1.2,5.08471520738889,4.90076282283333,1.82851583699899,0.687806512722222,53.7683194477778,56.81525612,0.376866895222222,0.3707545225,36.2225642744444,0.944151873166667,6.57349025003982,390.979271777778,390.049594461111,0.0304737498559036,0.188625584333333,15.2187989988343,368.268757866667,395.5129085,4.7158593846,0.013909642403866,7.30739897877543,0.399075727985731,4.39384928150772,4.60613081619936,4.7156620586157,1.5122374541644,108.4,0.00509415556843023,409,0.290682968012535,0.290682968012535
"Barrow","tjunctionpond","CAAQ","2146","1","Bernie","20160719",1.11,6.97435426713333,6.1455041886,7.06476482948741,0.691354774,72.2912048333333,73.4866007486667,0.238173293866667,0.210895579733333,25.231271744,0.852375433133333,11.1524395214011,392.07041626,390.009250893333,0.0401695829093797,0.153295124133333,46.1737172394943,332.4394768,375.355664066667,11.0724979433333,0.0310922354532087,14.8884443663345,0.0100000000000127,10.4365193422064,10.909611532401,11.1612217073016,0.869950635642515,27.9,0.0179207938298617,153,0.477178624277821,0.477178624277821
"Barrow","tjunctionpond","CAAQ","2147","1","Derek","20160719",0.87,4.95854853272222,4.96970367422222,3.66329888252739,0.467864478611111,55.1262779238889,59.3916373783333,0.356897499611111,0.356797399611111,58.4591520094444,0.958514058333333,4.17661346688627,391.211098555556,390.102069433333,0.0289833802197332,0.386238831722222,10.1997572828975,373.918055444444,391.230236433333,7.6263359974,0.0190701697619391,12.2518877867691,0.0100000000000027,6.98567898327445,7.43642951181819,7.67990386642567,1.61030346321113,84.2,0.00777756042697461,365,0.43167168946483,0.43167168946483
"Barrow","urinecorner","SAPU15","1957","1","Flash","20160713",3.269,13.9057134,14.9703369786667,1.42133008207591,0.0983705801333333,57.4815719606667,66.2850074766667,0.595652048866667,0.653299146266667,120.010075633333,0.871372677866667,11.6218851978988,397.91269328,389.97203776,0.0675844478332036,0.2456929662,22.8320665465043,339.805428853333,381.404391833333,16.27588709,0.0473507503736387,19.4591837954266,0.696525558726968,15.9175455189222,16.2339604088327,16.3895570939793,1.76324094327953,37.2,0.0304639457415448,201,0.734164673827143,0.734164673827143
"Barrow","urinecorner","SAPU15","1958","1","Flash","20160713",4.082,27.4959990183333,22.892782845,1.5827140556797,0.7260387205,48.42477989,52.5664043433333,1.2799090115,0.865019469833333,260.182505283333,0.740503404666667,6.97278118055988,401.18641155,389.8037211,0.0346329257188482,0.156512754833333,11.7386847009336,288.651808416667,-9999,-9999,-9999,-9999,-9999,-9999,-9999,-9999,-9999,-9999,-9999,-9999,-9999,-9999
"Barrow","urinecorner","SAPU15","1962","1","Andy","20160713",4.154,29.1531316126667,24.868556722,0.436219084635885,0.511135765933333,32.050562414,37.7106417333333,2.061246068,1.63250464806667,230.60839232,0.816958965533333,22.9783782020779,397.764263913333,390.016650393333,0.0540574203459106,0.120852654333333,26.4297672337905,318.628680053333,401.623797666667,14.40882909,0.0511984007995988,20.9892160892841,0.31926392058621,13.8546219712865,14.3837364113301,14.6565173414704,3.62721467610554,70.8,0.0202584276820505,282,0.330706674403042,0.330706674403042
"Barrow","urinecorner","SAPU15","1966","1","Flash","20160714",4.974,14.6747475313333,14.883325322,0.657359792961024,0.301882020333333,63.2882581073333,74.4150177006667,0.445613661466667,0.456154045933333,136.383188886667,0.918562199866667,7.26144007050838,399.157979346667,390.216770413333,0.0885141670516241,0.312894538466667,16.3458321464441,358.45033394,389.0304428,13.06212097,0.0382868944430581,17.1641489174743,0.525029663987621,12.7108622547993,13.1056213782343,13.3050404476168,2.03407871430866,53,0.0204668939438725,241,0.152421556130743,0.152421556130743
"Barrow","urinecorner","SAPU15","2057","1","Flash","20160717",4.379,6.4221691915,4.77497124657143,5.13516046477819,0.817510460214286,58.1262089864286,64.5234320521429,0.293672220571429,0.241804646214286,54.4475936885714,0.9295861585,5.36070216899794,394.437805178571,389.875946028571,0.128754284928088,0.217162379285714,14.8781350670402,362.414835207143,385.7887153,6.153740161,0.0195979316195602,6.66842982526157,0.980300903320212,6.00071313559218,6.00844167734915,6.01205867813254,0.629677769067763,31.9,0.0162099266424242,252,0.390211985665288,0.390211985665288
"Barrow","urinecorner","SAPU15","2058","1","Mariano","20160717",4.584,5.59863082573333,4.88946984606667,1.60471995128235,0.610019828666667,51.89451243,63.1912966413333,0.3151890828,0.2932053608,76.9496994013333,0.942483565666667,4.31853145223015,395.456404626667,390.11696982,0.0687257290378244,0.289548791666667,13.9668798397037,367.681277326667,386.230081133333,7.7512850175,0.0255843646173188,9.4477388301617,0.556166121648622,7.488010907761,7.66222377254003,7.74958117625379,0.914345516427484,35.6,0.0149906856391551,178,0.162881489236946,0.162881489236946
"Barrow","urinecorner","SAPU15","2059","1","Flash","20160717",4.199,4.6776890438,4.837042872,3.25223172096679,0.649510296266667,71.052527872,77.423918152,0.201954069,0.206144789933333,125.992616276,0.917234109733333,8.0377941252923,395.184757473333,390.033520506667,0.0564948441978582,0.241873901,47.8203360776015,357.753984526667,383.273949133333,7.654842723,0.0387765531173361,9.2556992811778,0.586303575109037,7.40211829263337,7.50726896868761,7.55969497299338,1.23107687440144,31.7,0.020418061242654,139,0.261687668392292,0.261687668392292
"Barrow","urinecorner","SAPU15","2060","1","Mariano","20160717",3.887,5.34712020553333,4.90409921026667,2.16379183464827,0.499509806333333,57.9582517,68.9565872193333,0.266039901733333,0.252239913066667,93.6349268626667,0.964899397,2.73631302660084,393.69531862,390.17477214,0.0689160284342765,0.386351537133333,6.48471474281481,376.48241376,387.732003433333,5.6660566755,0.025596843529592,7.44575747403898,0.436451850500477,5.62852855421551,5.75539372692846,5.81956001734644,1.02996514541842,40.1,0.0121915433433343,171,0.178154661165913,0.178154661165913
"Barrow","Urinecorner","SAPU15","1967","1","Mariano","20160714",4.754,14.87237746,14.916194216,0.733428953916298,0.277195127133333,51.72460734,62.760083008,0.637111921866667,0.639006835533333,141.401836146667,0.8959428454,10.3980178259769,398.04135946,390.14863282,0.0988346282155915,0.229026888666667,7.43219677685116,349.571128486667,389.229224133333,12.98697605,0.0344103961760191,18.8161227255219,0.205271614531793,12.4002948181299,13.0113668516622,13.3336118399579,1.99278891794989,57.8,0.0168106307945591,265,0.202115875526002,0.202115875526002
"Barrow","waterfrontproperty","CAAQ","2074","1","Andy","20160718",1.11,4.36291118461111,4.84384677144444,1.76360095440996,0.443477914333333,60.6519171405556,65.5561275483333,0.304067958055556,0.318214804722222,80.1609738672222,0.954357653555556,4.72088861703232,391.693622166667,390.016905038889,0.0328676792046324,0.373017610833333,19.1819006707704,372.216584911111,394.5850978,9.403792383,0.0158785427700112,14.8428928325302,0.542678308178021,8.90096606817383,9.51838380829616,9.8402154895934,1.87260387417381,117.7,0.00834522942738755,523,0.656011817770282,0.656011817770282
"Barrow","waterfrontproperty","CAAQ","2149","1","Andy","20160718",1.32,4.48744159,4.94025908021053,2.13316103677282,0.599353343894737,58.9645401810526,64.6281593731579,0.314959808,0.328192289421053,69.5097794815789,0.939411233631579,4.79244761036598,392.434568705263,390.059367931579,0.0386839391538308,0.291078377789474,15.363270796525,366.426940721053,389.705074133333,7.9023091802,0.0313020775566363,11.3561749401484,0.010000000000035,7.42781449119325,7.73344372215302,7.89398090105078,1.73104576277181,55.2,0.0116768871590568,232,0.395462776863066,0.395462776863066
"Barrow","waterfrontproperty","CAAQ","2150","1","Andy","20160718",1.5,4.89641556466667,4.86420726783333,1.23950102024391,0.575257134888889,54.9236615505556,60.8360794916667,0.340204647111111,0.339083681611111,55.8499312938889,0.926767965722222,5.47954304871653,393.082500877778,390.054346716667,0.0691170472734587,0.265509867944444,18.6221355282276,361.490880333333,386.208598566667,9.11066538,0.0318539928640773,12.4287164815922,0.0100000000000273,8.56646854772107,8.91667877793653,9.10119572682058,1.3128752528752,41.1,0.0145603610431801,188,0.344312537416785,0.344312537416785
"Barrow","wendyhouselake","ARFU2","1980","1","Flash","20160714",2.73,14.086490122,14.9585205726667,1.31183274981592,0.210243014466667,48.2033686313333,54.1854794826667,0.788481689066667,0.835521612533333,69.9935857133333,0.8063755048,19.0308550601406,396.825569666667,390.286313886667,0.0849938223782097,0.151899042866667,28.4600362949376,314.738332053333,382.273209333333,17.46968776,0.0459431369405086,22.4880078009391,0.496769610848644,16.9636726303141,17.538541044956,17.8307423056663,1.93211716552254,42,0.0272745817807809,217,0.284405635328342,0.284405635328342
"Barrow","wendyhouselake","ARFU2","1983","1","Flash","20160714",2.16,15.0691705066667,14.9278138473333,0.888636129685494,0.236295317533333,44.4217659,49.3496414186667,0.865877171933333,0.8578449336,65.5684315993333,0.823180335133333,16.851910399623,395.446842453333,390.14827474,0.0720769834288163,0.165570686333333,35.4105573622015,321.175237566667,381.6505229,16.328612725,0.0687088908828044,21.5122150115851,0.456553389575377,16.1982533465166,16.581658058283,16.7754679750068,2.94172970058098,42.8,0.0332524124305918,183,0.516162792761076,0.516162792761076
"Barrow","wendyhouselake","ARFU2","1989","1","Derek","20160714",2.13,14.7477155693333,14.8961573926667,0.653831348696062,0.249016050266667,46.4273765553333,50.963332368,0.836700052066667,0.844169540266667,15.806969898,0.808105449733333,17.9853539618216,394.841880286667,390.235536693333,0.0687901337532474,0.152336773733333,12.8840322086002,315.36426882,379.1405373,14.92054823,0.0424871238072354,18.4620874620819,0.561867756153428,14.5543257930331,14.9499037578029,15.1486007433179,1.52913365729277,35.9,0.0262456007976593,192,0.226806436796467,0.226806436796467
"Barrow","wendyhouselake","ARFU2","1990","1","Andy","20160714",2.31,13.755360222,14.9292942053333,0.778436360023611,0.0712628036,58.7746251426667,65.1622436513333,0.615861845333333,0.678437768733333,136.33792572,0.871166539533333,14.9068304552586,395.137847913333,390.15745444,0.0606410539119851,0.236184382066667,8.09125750579296,339.90009992,394.205797633333,16.963349225,0.0407083778435354,21.6158116737592,0.746737575903099,16.3223827069126,16.7447382375819,16.9499823742902,3.02177300340133,74.2,0.0234022472573251,328,0.386141114934391,0.386141114934391
"Barrow","wendyhouselake","ARFU2","1991","1","Derek","20160714",2.43,14.5716417306667,14.9221620553333,0.680458493414704,0.157908796066667,44.3926562,50.591895294,0.843834395866667,0.862304816933333,52.87774531,0.799267164066667,17.8344550839323,396.49151612,390.10102336,0.0755861206787275,0.177515734733333,14.4218942768043,311.814867493333,375.8940031,17.70126561,0.0595691403546725,22.4798185597339,0.388145746867242,17.2695258703553,17.7738234710376,18.0314542093511,1.9772955494652,33.2,0.0335786493530109,166,0.259421964948891,0.259421964948891
"Barrow","wendyhouselake","ARFU2","1992","1","Andy","20160714",2.22,14.08417797,14.9724284493333,1.01181201142611,0.1158817214,52.7749855046667,58.540762838,0.719716616266667,0.7672225728,94.1285807333333,0.878594573866667,13.8447757314219,394.192645266667,390.313543706667,0.0838801554057492,0.198486744066667,8.79486330809725,342.947339826667,395.277531766667,13.74710743,0.0283968417878071,16.9136033552099,0.861773895230572,13.2286947622533,13.4911784508938,13.6136062789376,2.42725174517052,85.4,0.0179602060593617,394,0.461635046972661,0.461635046972661
"Barrow","wendyhouselake","ARFU2","1996","1","Bernie","20160714",2.61,14.2838207873333,14.8655072533333,0.551388998224762,0.1501406288,62.3720466613333,69.0083628333333,0.540016179866667,0.571011790666667,19.3080966946667,0.880788816333333,13.2391073979047,396.09638468,390.261378993333,0.0869553142629067,0.2684490884,6.61874980994412,343.761474733333,394.2574738,18.51930183,0.0429568744511635,25.2795557019359,0.543448529787853,17.5914926979472,18.3213956559819,18.6920433973706,3.17788312475115,73.9,0.0226208947233058,328,0.46906554897394,0.46906554897394
"Barrow","wendyhouselake","ARFU2","1999","1","Bernie","20160714",2.07,15.2622604366667,14.90002524,0.587871841864824,-0.0572167446,52.7928204853333,60.46217219,0.6703388904,0.6500152676,116.879599000667,0.8731578908,11.8944538047932,397.19848226,390.220131433333,0.101927675539579,0.375711363333333,12.2516777230533,340.742247826667,387.1799499,24.82038754,0.0659707245890157,32.1848504795347,0.544503138034272,24.016284353705,24.8004311601165,25.19627396728,3.38782574350228,51.3,0.0373020378887112,246,0.290075981696099,0.290075981696099
"Barrow","wendyhouselake","ARFU2","2023","1","Derek","20160716",2.73,15.356847192,14.9186977386667,0.820440961177225,0.2798108344,41.5989555373333,47.6824223826667,0.8984807052,0.8731822404,7.67415758786667,0.8488416926,16.5709678244326,395.746586086667,390.1079895,0.0582491591888319,0.160630490133333,32.1702367383971,331.145015153333,395.412121433333,16.403904775,0.0428098261190033,22.5776011869641,0.423107623580997,15.6158068500331,16.2641927546028,16.5978147236186,2.72921440202666,63.7,0.0215814172614876,284,0.325258964540294,0.325258964540294
"Barrow","wendyhouselake","ARFU2","2024","1","Bernie","20160716",2.55,15.2472960146667,14.8698619206667,0.893524727588738,0.307084311333333,46.5419929493333,51.7468165086667,0.8222479132,0.801006385666667,5.24301441513333,0.845509441666667,15.341527640566,395.273862713333,390.166807046667,0.0623417770951474,0.160972749266667,26.4061846312001,329.8980462,390.406314266667,14.693116895,0.0434943601688284,18.6270905737156,0.60666002213576,13.998413848706,14.3691774516165,14.5541661123703,2.44821932685307,56.2,0.0233010053657131,248,0.438976750464717,0.438976750464717
"Barrow","wendyhouselake","ARFU2","2025","1","Bernie","20160716",2.43,16.6484552393333,14.834177908,0.27706963379515,0.5352803008,42.8869756053333,46.261625926,0.9185275682,0.8162062886,12.7469368615333,0.782135747066667,18.8078608541521,394.525518793333,390.034006746667,0.060438736268868,0.1154573302,12.5560448144935,305.073563966667,370.6641662,11.204561415,0.0406886512138174,13.1102419023587,0.723708158140834,11.161143831199,11.3128533504712,11.387302079626,1.09779346536672,26.9,0.0271673983358245,154,0.2610106554276,0.2610106554276
"Barrow","wendyhouselake","ARFU2","2026","1","Derek","20160716",2.67,16.3464272186667,14.8703186033333,0.403164810060237,0.550949007933333,53.80628357,57.2141171766667,0.713177491266667,0.630526519466667,3.64031906913333,0.785760689066667,16.9163484689397,395.963525393333,390.14455974,0.0577514611017532,0.135060786666667,21.2711056677097,306.575650113333,369.846180833333,14.15447857,0.0453834787349922,16.5840589200974,0.586596862637244,13.7807454089905,14.0705976137771,14.2153818625343,1.08607763471753,23.9,0.0302235898395922,144,0.261342644748063,0.261342644748063
"Barrow","wendyhouselake","ARFU2","2027","1","Bernie","20160716",2.61,18.482623674,14.8861004513333,0.665390555130392,0.7688677884,44.9040761306667,47.4503135693333,0.895353718533333,0.687124900933333,140.875719193333,0.797250902933333,17.6059353782423,393.956848146667,389.96847332,0.0459575597639437,0.108507922333333,9.21806028907463,310.92026368,371.670248466667,8.334239875,0.0374410076030142,9.94011831487161,0.795857359639163,8.70447944097159,8.77659748544411,8.81178331630334,0.836989114748283,22.3,0.026092454007676,134,0.314658142775833,0.314658142775833
"Barrow","Wendyhouselake","ARFU2","2109","1","Derek","20160718",2.28,6.21034964382353,4.80278037576471,1.98143029992427,0.792073978294118,61.6429434388235,65.5686946205882,0.285395332058824,0.241281326235294,37.4596783123529,0.915481241470588,7.7698666616333,393.045203717647,389.992571676471,0.0253496837918585,0.250819073058824,8.60994216019514,357.032886547059,391.105406,8.58221844825,0.0327797731523877,11.5115245789739,0.601775547801717,8.40961972195053,8.59838107521689,8.69246368910498,1.99082610821019,60.6,0.0153408644830112,238,0.201729495170623,0.201729495170623
"Barrow","Wendyhouselake","ARFU2","2110","1","Bernie","20160718",2.67,6.060147061,4.84977952170588,1.02435950386612,0.915104211117647,67.1487731941177,69.3619645052941,0.250573743411765,0.213186612647059,58.4870212776471,0.844775299,10.1434129439442,394.093640494118,390.097898594118,0.0273634250829325,0.131121654470588,18.6511741377903,329.548940123529,374.050761033333,8.73991395675,0.0309221403848835,10.1528516504822,0.493504073233191,8.52268817316401,8.70388030562046,8.79521680038335,0.520794073484015,16.7,0.0211012985499902,109,0.168950363787884,0.168950363787884
"Barrow","Wendyhouselake","ARFU2","2111","1","Bernie","20160718",2.04,5.9522767365625,4.670831859,10.8641614797474,0.894063501625,73.461472034375,74.961760998125,0.1938910185,0.1549818151875,83.9295287125,0.8561157649375,8.57635596061448,393.4307823125,390.03012275625,0.035561006442098,0.15544193075,33.2444648843273,333.9117231875,371.8031096,9.823366039,0.0349553446993491,11.2241590537856,0.527772100191665,9.50623937584065,9.69401268312422,9.78831027379802,0.582762476097846,16.6,0.0240587348987171,109,0.374174989636338,0.374174989636338
"Barrow","Wendyhouselake","ARFU2","2112","1","Derek","20160718",2.22352941176471,5.06332217947059,4.88981704164706,2.95892145064939,0.717583903352941,66.1694953023529,69.8707091388235,0.261653022941176,0.255904226235294,69.2053543552941,0.951752560882353,6.69611486651684,391.534781070588,390.077945476471,0.0332213544542845,0.209631566705882,7.89646790244554,371.259035547059,401.240482666667,5.4063770005,0.0256905166992847,9.3670718896004,0.364062681174848,5.21063502607371,5.41881823756337,5.52531446074709,2.81419599341363,109.4,0.00659399692091383,391,0.207919606075883,0.207919606075883
"Barrow","Wendyhouselake","ARFU2","2113","1","Derek","20160718",2.22,5.55113238441176,4.84190685605882,3.36011269866355,0.615245708470588,53.1470956241176,59.5190535158824,0.353043344235294,0.330407725882353,61.5294786341176,0.927251609470588,7.83053514568962,393.2026798,390.125132835294,0.0566500204584763,0.295820212176471,7.51944235817299,361.751016664706,393.8825761,10.06389314175,0.0287729569575819,14.7616554489712,0.404135625766305,9.6237409623488,10.0435378198358,10.2598049929889,2.38138462822549,82.6,0.0124126445876844,334,0.321233592106293,0.321233592106293
"Barrow","Wendyhouselake","ARFU2","2114","1","Bernie","20160718",2.43,5.50670139607692,4.50707444776923,14.624407042347,0.518371854923077,76.6759561392308,80.4517346915385,0.146337165230769,0.116512358461538,59.5140251738462,0.951821823230769,4.98187082943551,393.716301553846,390.039621215385,0.0578057563030952,0.468558007153846,9.1153090295739,371.245636107692,392.2497632,12.98369634,0.0368796532829502,19.4887383493617,0.225315583626468,12.6554907989084,13.270931380916,13.5943556252432,2.44270019471961,66.1,0.0167621173557681,289,0.3126075316544,0.3126075316544
"Barrow","Wendyhouselake","ARFU2","2115","1","Derek","20160718",2.28,5.75268686529412,4.73657178882353,3.09268791912222,0.741909685058823,52.2471816117647,56.7161809135294,0.367580096411765,0.336550729176471,60.0474045694118,0.865867201882353,8.73862419382757,394.378249205882,390.076123394118,0.0318432937086637,0.194600010882353,17.3194446862938,337.754934835294,376.911899133333,11.216192425,0.0352202563276175,13.4710882351908,0.359161785548507,10.8676095114751,11.1802150977635,11.3404202598566,0.575811801818917,16.3,0.0240758077875552,109,0.242475376392599,0.242475376392599
"Barrow","Wendyhouselake","ARFU2","2116","1","Bernie","20160718",2.7,5.4968692779,5.0478497983,12.3450311120942,1.2246574716,79.151836394,80.555142212,0.1626356085,0.1491064945,96.268330381,0.8248969555,12.1356106684468,393.1865753,390.01213378,0.0301253727995603,0.1072555101,44.8395314682071,321.72418992,-9999,5.2704084985,-9999,-9999,-9999,-9999,-9999,-9999,-9999,-9999,-9999,-9999,-9999,-9999
"Barrow","Wendyhouselake","ARFU2","2117","1","Derek","20160718",2.1,5.51187182882353,4.86493298594118,5.39149948603351,0.708562945705882,54.1388998605882,58.2189364717647,0.363378635,0.342837781764706,31.8699047982353,0.922519380764706,8.73229873254514,392.065151429412,390.100304094118,0.0394384948443183,0.187646768235294,7.63002972221018,359.883505294118,396.958631433333,6.810416502,0.0210837895601714,9.64365697887749,0.659434680948817,6.53713567772935,6.72635534779004,6.82001393743018,2.02422670771591,95.8,0.0092076939712326,349,0.215213585369047,0.215213585369047
"Barrow","Wendyhouselake","ARFU2","2118","1","Bernie","20160718",2.7,5.2620719274,4.3316733518,10.8443153439471,0.686771724066667,78.304036968,80.0580184933333,0.149611782733333,0.122060185133333,98.137163802,0.886241550333333,8.10309187720705,393.733540846667,390.027455653333,0.0353665339375712,0.170412280866667,31.5428846471958,345.660136413333,374.998837333333,9.6329501415,0.0212314398863104,10.9687870485266,0.760813858579483,9.45992585441142,9.66024053522399,9.757260514937,0.440586063367018,20.6,0.0166885605660766,181,0.314613180890298,0.314613180890298
"Barrow","Wendyhouselake","ARFU2","2184","1","Derek","20160720",2.46,4.1134375335,6.0922186375,19.0999397214255,0.721816709,78.96686554,80.77914047,0.217659011,0.2812523875,5.83794117,0.588120093,45.3037315643272,394.9616852,390.00164795,0.00447076345297051,0.08074676,36.8648777681766,229.3701282,-9999,-9999,-9999,-9999,-9999,-9999,-9999,-9999,-9999,-9999,-9999,-9999,-9999,-9999
"Barrow","Wendyhouselake","ARFU2","2185","1","Flash","20160720",2.25,7.626444769,5.3799640178,11.4679716059418,0.4459685063,56.349264906,58.864006042,0.3543610474,0.2821406686,1.0380577387,0.8983161821,11.2232270340611,392.42513122,390.05948183,0.0709170601856443,0.1503882335,16.8596055415981,350.39448252,390.8245358,-9999,0.0435852463345777,13.0062322341238,0.371135322243641,9.10878564275231,9.35103950694795,9.47428976302584,2.36237371059314,54.1,0.0171749384609414,212,0.246485436447187,0.246485436447187
"Barrow","Wendyhouselake","ARFU2","2187","1","Derek","20160720",2.04,3.73836757457143,5.2504001345,11.9001113770071,0.320617917714286,48.4486533571429,52.4376419621429,0.425263457714286,0.471639869285714,4.3773907935,0.869765157357143,12.5746629377513,392.379503521429,390.134098607143,0.0399773322209048,0.117880143071429,14.9180594666773,339.332501835714,384.5169439,7.865599531,0.0256774109970501,9.66354325287351,0.684619698596413,7.79939976888392,7.94562162127061,8.01768884710081,1.03489013503643,40.2,0.0155766806460988,199,0.125842905190583,0.125842905190583
"Barrow","wendyhouselakes","ARFU2","1981","1","Mariano","20160714",2.91,14.4688604353333,14.917171732,0.737380142601037,0.326760788333333,47.0191324866667,52.157435608,0.817711340533333,0.84155905,17.408843232,0.797593862533333,16.9370961004571,395.52869264,390.126731373333,0.0421416875565447,0.123902611333333,14.305919749766,311.178419886667,370.288372566667,12.55043465,0.0434854685017699,16.0617995680655,0.116838853500655,12.0193049131995,12.4377126002503,12.6561127709047,1.11692415486598,25.6,0.0243374580664495,134,0.364092907014474,0.364092907014474
"Barrow","wendyhouselakes","ARFU2","1982","1","Mariano","20160714",2.16,14.6093353542857,14.8895795685714,0.840867708348376,0.233208566,41.1013954714286,46.359569005,0.914647396142857,0.929135310857143,84.72454507,0.769540539214286,18.6540094171944,395.902387357143,390.194558285714,0.0710811181845979,0.156395253357143,13.4518153585842,300.298674992857,372.348987966667,17.34408027,0.0497184146731606,23.500670652354,0.101237577974595,16.788931805548,17.511085928859,17.8924563763265,1.4230728284323,28.6,0.0289930527812505,157,0.358180570065905,0.358180570065905
"Barrow","wolfmanscrevasse","ARLA2","2175","1","Andy","20160720",1.68,2.58466071757143,5.15271220885714,7.169083830215,0.640834726857143,67.21584756,74.0914437438095,0.262102309714286,0.338316358095238,17.8267575214286,0.940371159333333,5.22251295249874,392.242011666667,390.09297397619,0.0460584649102081,0.283936106095238,9.50840433308588,366.837061314286,394.666187433333,6.07739748675,0.021126174425022,8.8996003909592,0.681097213188569,5.94266754266479,6.09619486828815,6.17188541889491,2.08770225139371,98.6,0.00873799360305691,343,0.305162222323925,0.305162222323925
"Barrow","wolfsredemptionpolygon","PEFR5","1993","1","Andy","20160716",6,14.0741314611765,14.9722297888235,1.11426202180614,0.610954011411765,56.8051360635294,63.0701298435294,0.646763009352941,0.693869773,746.721746047059,0.779206655352941,25.0277179127707,398.453108852941,390.094021064706,0.0576346480066543,0.0980244284705882,10.9757378227775,303.969194723529,402.9215382,11.192665115,0.0415933241568385,15.3197024625996,0.590803218200092,10.8575304042067,11.1257149938658,11.2596142180786,2.87598315038613,69.1,0.0184352480963189,263,0.412870840864518,0.412870840864518
"Barrow","wolfsredemptionpolygon","PEFR5","1994","1","Andy","20160716",6,13.151025532875,14.923900126875,0.790419119668604,0.1236216294375,54.772823571875,63.20881939,0.65696972825,0.75021441225,74.1715354925,0.8449310684375,19.3510760723563,396.99676704375,389.9630413125,0.100610022476145,0.117092530875,10.4691563104037,329.485227775,395.574757175,11.26660916,0.0410243163031664,15.2286505721744,0.686529321304869,11.0701938499992,11.2962325371382,11.4076129283117,2.87710354002576,70.1,0.019505568199677,266,0.503240185732933,0.503240185732933
"Barrow","wolfsredemptionpolygon","PEFR5","1995","1","Andy","20160716",6,16.337455432,14.8467997233333,1.4122317732722,0.663698888,41.6748331706667,50.7694407146667,0.8548093376,0.766315650266667,97.821461998,0.8209325654,21.5935890966942,400.465696206667,390.10216064,0.0574192183598537,0.150418535666667,11.0643964068992,320.253870466667,400.792244866667,15.89712897,0.0414887371558912,20.4848827101157,0.719804522253705,15.065643527198,15.4557876110742,15.6466521971637,3.2725851648903,78.8,0.0220594315509189,324,0.549833023664523,0.549833023664523
"Barrow","wolfsredemptionpolygon","PEFR5","2041","1","Andy","20160716",6,16.3980264033333,14.8893442153333,0.833770496915797,0.8336098674,41.580901084,47.997189076,0.905994156466667,0.8167635028,414.95097452,0.770000767333333,21.9968561379593,398.73757936,390.083343506667,0.126654154059916,0.0985798287333333,11.5408915190119,300.385041253333,376.715604,11.42780946,0.0469559234481569,14.2051762583161,0.393635960989474,10.7461615284261,11.0082641977469,11.1414045476695,1.80790738311095,38.4,0.0228004376253384,168,0.403595656176588,0.403595656176588
"Barrow","Yjunctionnorth","ARLA2","1844","1","Derek","20160711",2.16,15.3818596526667,14.8573635106667,0.498542943282805,0.3510067836,51.4403040573333,55.362367758,0.755552855,0.726297772466667,5.47547833113333,0.8463997136,15.0201260732521,393.864550793333,390.203837073333,0.0707482251360331,0.157840988533333,5.00046923680758,330.289723266667,384.969640133333,12.073835325,0.0354249059321138,15.6938722654726,0.496836761477078,11.7804622616555,12.1477906520011,12.3339849152229,1.63402975198103,46,0.0196566929768283,220,0.234981692762044,0.234981692762044
"Barrow","Yjunctionnorth","ARLA2","1873","1","Derek","20160711",1.74,15.7230353033333,14.8725087493333,0.55732276356839,0.261959310266667,47.9194740293333,51.8657267246667,0.817326037333333,0.769705201933333,94.053548178,0.8416799486,15.9638622401062,393.83252564,390.216406246667,0.0660712820374129,0.191126631133333,2.15311405804864,328.453224493333,386.267222733333,14.66428177,0.0315924457668544,17.5806849715646,0.831024238958707,14.5299699898024,14.8131284339413,14.9471981378885,1.63629745441112,51.7,0.0220344561574229,301,0.375211816259037,0.375211816259037
"Barrow","Yjunctionnorth","ARLA2","1881","1","Derek","20160711",1.95,15.5947574606667,14.8768345513333,0.502125024509413,0.314036345333333,47.2740206386667,51.198573812,0.829434582466667,0.789146453733333,60.862535604,0.8135851426,18.0815189309656,394.154555253333,390.075244153333,0.0529743901133527,0.163151818466667,2.83837325757003,317.373569013333,379.6876541,14.69581025,0.0361712777010469,18.0568649494888,0.573184725591959,14.2345163529423,14.6704427051623,14.8896529750479,1.20234532545975,33.2,0.0238580172022034,197,0.247594008442754,0.247594008442754
"Barrow","zeeps","ERAN6","1818","1","Bernie","20160709",2.099999905,16.5833597178571,14.7585265992857,1.43113008606271,0.563638145142857,48.5039994371429,51.1369740628571,0.819776650857143,0.7177926555,136.485345562143,0.806932027857143,15.9770220491189,393.926300057143,390.006110042857,0.0502714295474285,0.119523242714286,31.7323515495511,314.698233742857,373.110405233333,12.58516154,0.0256858418299823,12.9989781029263,0.911223696895381,11.7748974523657,11.8870086892053,11.9388303814615,0.694398435986571,26.9,0.0211068094755078,251,0.933731208105232,0.933731208105232
"Barrow","zeeps","ERAN6","1819","1","Derek","20160709",1.95,17.0014153885714,14.8274341985714,0.299262975880335,0.516994542785714,61.0022833685714,63.9757826671429,0.574254033,0.450860195571429,64.5762484414286,0.883750910357143,13.5529020665331,393.773797171429,390.091740185714,0.0472189169554102,0.239372421,6.22833351161195,344.752711835714,394.150850566667,14.67185456,0.0386794937889354,19.0570858978641,0.73953415145321,14.3976390754395,14.7440451285139,14.9127685572383,2.77813484503043,71.7,0.021739703846601,310,0.203581879968315,0.203581879968315
"Barrow","zeeps","ERAN6","1820","1","Andy","20160709",1.86,17.19569029,14.9063912128571,0.640750250970316,0.505558808928571,56.8499033792857,59.7589291157143,0.655780876071429,0.525790131357143,114.397848941429,0.863280675714286,15.289083384849,393.648653307143,390.115668164286,0.0477953648473739,0.214268464571429,5.60948197050476,336.784605821429,388.735916533333,14.28960703,0.0330659800614739,18.4025772401398,0.6808440378201,14.1499319140462,14.5802743706153,14.7927456879901,1.82887346454505,55.2,0.0205050302554541,283,0.357512129567485,0.357512129567485
"Barrow","zeeps","ERAN6","1821","1","Bernie","20160709",2.099999905,15.32046645,14.9038326407143,1.25111675412751,0.354798884571429,58.1236256185714,61.9009472985714,0.649507916,0.625030434571429,118.658075607143,0.847255983,19.0359098618885,393.775015685714,390.124749314286,0.040883107947933,0.183791744214286,12.8227832307507,330.553949978571,389.253189633333,13.69103972,0.0336169813306798,18.0921416370071,0.492891499485846,12.9576798260933,13.4610392905734,13.7178303685106,1.95754036212105,58.1,0.0183455086836942,273,0.415314948232301,0.415314948232301
"Barrow","zeeps","ERAN6","1824","1","Andy","20160709",1.74,14.574464226,14.87466679,0.275354798898078,0.4761569476,80.165290832,80.809587098,0.336182589,0.3520779444,155.26478882,0.6363860764,40.5402105418389,392.7078247,390.1125122,0.0604319020156048,0.06248594,11.1146815439802,248.298391362,-9999,-9999,-9999,-9999,-9999,-9999,-9999,-9999,-9999,-9999,-9999,-9999,-9999,-9999
"Barrow","Zeeps","PEFR5","1815","1","Bernie","20160708",6,22.8197202671429,21.4589020857143,0.746100709805582,0.258614753357143,48.9489252914286,57.1002273557143,1.08956982985714,0.979782204642857,121.232858383571,0.818213931,19.1026480094039,401.862243657143,390.262405407143,0.12345216326705,0.2065354,18.3515058958133,319.35468045,387.7733505,20.35272358,0.051179260743064,25.3133074023189,0.714711814543668,19.7504329913735,20.2386752572649,20.4777945787113,2.86767168260436,56,0.0310485408338221,272,0.317750164563025,0.317750164563025
"Barrow","Zeeps","PEFR5","1815","2","Bernie","20160708",6,22.8676301523077,21.4112708753846,0.254297844573659,0.534788278769231,43.8950547446154,50.5226414023077,1.26558328692308,1.14857630446154,91.0908813484615,0.882061763153846,9.27107544519387,2025.82520453846,2000.162898,0.0147425547216208,0.139810373,12.351353228624,1764.26257669231,1954.61694433333,41.575771595,0.0585781277790064,54.5387366024706,0.669410553611277,39.718676997389,41.8860414767129,42.9811264035323,2.18805599737318,37.3,0.0444719484403111,301,0.595334963549252,0.595334963549252
"Barrow","Zeeps","PEFR5","1816","1","Bernie","20160708",6,17.4052950061538,18.0386450846154,1.87403443702608,0.0995429753076923,67.0851669315385,74.8452459484615,0.543571882846154,0.584792749076923,11.0582419915385,0.889766854615385,15.719025735211,397.807427038462,390.475264330769,0.131553507784545,0.237736645076923,2.30797445041275,347.462884353846,402.6364445,15.89860009,0.0554259592664145,22.6785837523419,0.695692598691863,15.8139894603425,16.181619243315,16.3624294884633,4.79711311707001,86.5,0.0248647069106686,313,0.125394704474983,0.125394704474983
"Barrow","Zeeps","PEFR5","1817","1","Bernie","20160708",6,16.8590670992857,17.2615596235714,0.652005247350359,0.437304758928571,61.0711421971429,68.0105836035714,0.643760185785714,0.668385693928571,86.52778898,0.901691671571429,15.6763672445946,395.60109165,390.306450964286,0.131822694800629,0.175550199714286,8.12094573772913,351.985873785714,412.7225344,11.60491933,0.0407793788379327,17.1569175667325,0.727735102675558,11.1792815380612,11.4460158267393,11.5764361565096,4.50511302862018,110.4,0.0162889641819223,364,0.256890555379224,0.256890555379224
