"USDA_Species_Code","Sample_ID","Machine_name","Sample_Date","Leaf_Area","Mean_Tair","Mean_Tleaf","Tleaf.CV","Mean_deltaT","Mean_RH_R","Mean_RH_S","Mean_VpdA","Mean_VpdL","Mean_PARo","Mean_Ci_Ca","Ci_Ca.CV","Mean_CO2R","Mean_CO2S","CO2S.CV","Mean_Cond","Cond.CV","Mean_Ci","mean_Ci_init_slope","Amb.Photo","aQY","Amax.g","Convex","Anet.1500","Anet.1800","Anet.2000","Rd","LCP","LUE.max","ILUE.max","RMSE.DEoptim","RMSE.photo"
"ARFU2","1980","Flash","20160714",2.73,14.086490122,14.9585205726667,1.31183274981592,0.210243014466667,48.2033686313333,54.1854794826667,0.788481689066667,0.835521612533333,69.9935857133333,0.8063755048,19.0308550601406,396.825569666667,390.286313886667,0.0849938223782097,0.151899042866667,28.4600362949376,314.738332053333,382.273209333333,17.46968776,0.0459431369405086,22.4880077684479,0.496769613517894,16.9636726210599,17.5385410328126,17.8307422919355,1.93211716552254,42,0.0272745817986603,217,0.284405635328342,0.284405635328342
"ARFU2","1981","Mariano","20160714",2.91,14.4688604353333,14.917171732,0.737380142601037,0.326760788333333,47.0191324866667,52.157435608,0.817711340533333,0.84155905,17.408843232,0.797593862533333,16.9370961004571,395.52869264,390.126731373333,0.0421416875565447,0.123902611333333,14.305919749766,311.178419886667,370.288372566667,12.55043465,0.0434854685017699,16.0617995741497,0.116838821560865,12.0193048467896,12.4377125402021,12.6561127146651,1.11692415486598,25.6,0.0243374578506383,134,0.364092907014474,0.364092907014474
"ARFU2","1982","Mariano","20160714",2.16,14.6093353542857,14.8895795685714,0.840867708348376,0.233208566,41.1013954714286,46.359569005,0.914647396142857,0.929135310857143,84.72454507,0.769540539214286,18.6540094171944,395.902387357143,390.194558285714,0.0710811181845979,0.156395253357143,13.4518153585842,300.298674992857,372.348987966667,17.34408027,0.0497184146731606,23.5006706550655,0.101237572059061,16.7889317863807,17.5110859111839,17.8924563596095,1.4230728284323,28.6,0.0289930527376071,157,0.358180570065903,0.358180570065903
"ARFU2","1983","Flash","20160714",2.16,15.0691705066667,14.9278138473333,0.888636129685494,0.236295317533333,44.4217659,49.3496414186667,0.865877171933333,0.8578449336,65.5684315993333,0.823180335133333,16.851910399623,395.446842453333,390.14827474,0.0720769834288163,0.165570686333333,35.4105573622015,321.175237566667,381.6505229,16.328612725,0.0687088908828044,21.5122150298893,0.456553384983147,16.1982533451519,16.5816580595082,16.7754679776259,2.94172970058098,42.8,0.0332524123651963,183,0.516162792761076,0.516162792761076
"ARFU2","1989","Derek","20160714",2.13,14.7477155693333,14.8961573926667,0.653831348696062,0.249016050266667,46.4273765553333,50.963332368,0.836700052066667,0.844169540266667,15.806969898,0.808105449733333,17.9853539618216,394.841880286667,390.235536693333,0.0687901337532474,0.152336773733333,12.8840322086002,315.36426882,379.1405373,14.92054823,0.0424871238072354,18.4620873708803,0.561867772275229,14.5543257903015,14.949903743489,15.1486007227203,1.52913365729277,35.9,0.0262456009467174,192,0.226806436796467,0.226806436796467
"ARFU2","1990","Andy","20160714",2.31,13.755360222,14.9292942053333,0.778436360023611,0.0712628036,58.7746251426667,65.1622436513333,0.615861845333333,0.678437768733333,136.33792572,0.871166539533333,14.9068304552586,395.137847913333,390.15745444,0.0606410539119851,0.236184382066667,8.09125750579296,339.90009992,394.205797633333,16.963349225,0.0407083778435354,21.6158116638492,0.746737574564076,16.322382689911,16.7447382214668,16.9499823586763,3.02177300340133,74.2,0.0234022472285016,328,0.386141114934391,0.386141114934391
"ARFU2","1991","Derek","20160714",2.43,14.5716417306667,14.9221620553333,0.680458493414704,0.157908796066667,44.3926562,50.591895294,0.843834395866667,0.862304816933333,52.87774531,0.799267164066667,17.8344550839323,396.49151612,390.10102336,0.0755861206787275,0.177515734733333,14.4218942768043,311.814867493333,375.8940031,17.70126561,0.0595691403546725,22.479818615683,0.388145744152796,17.2695259004596,17.7738235045698,18.0314542447199,1.9772955494652,33.2,0.0335786493475507,166,0.259421964948891,0.259421964948891
"ARFU2","1992","Andy","20160714",2.22,14.08417797,14.9724284493333,1.01181201142611,0.1158817214,52.7749855046667,58.540762838,0.719716616266667,0.7672225728,94.1285807333333,0.878594573866667,13.8447757314219,394.192645266667,390.313543706667,0.0838801554057492,0.198486744066667,8.79486330809725,342.947339826667,395.277531766667,13.74710743,0.0283968417878071,16.9136033401913,0.861773896249811,13.2286947574949,13.4911784442342,13.6136062713433,2.42725174517052,85.4,0.0179602060738149,394,0.461635046972661,0.461635046972661
"ARFU2","1996","Bernie","20160714",2.61,14.2838207873333,14.8655072533333,0.551388998224762,0.1501406288,62.3720466613333,69.0083628333333,0.540016179866667,0.571011790666667,19.3080966946667,0.880788816333333,13.2391073979047,396.09638468,390.261378993333,0.0869553142629067,0.2684490884,6.61874980994412,343.761474733333,394.2574738,18.51930183,0.0429568744511635,25.2795556578988,0.543448534814591,17.5914927016029,18.3213956542802,18.6920433926116,3.17788312475115,73.9,0.0226208947682697,328,0.46906554897394,0.46906554897394
"ARFU2","2023","Derek","20160716",2.73,15.356847192,14.9186977386667,0.820440961177225,0.2798108344,41.5989555373333,47.6824223826667,0.8984807052,0.8731822404,7.67415758786667,0.8488416926,16.5709678244326,395.746586086667,390.1079895,0.0582491591888319,0.160630490133333,32.1702367383971,331.145015153333,395.412121433333,16.403904775,0.0428098261190033,22.5776011750402,0.423107623252397,15.615806840807,16.2641927448988,16.5978147136754,2.72921440202666,63.7,0.0215814172530685,284,0.325258964540294,0.325258964540294
"ARFU2","2024","Bernie","20160716",2.55,15.2472960146667,14.8698619206667,0.893524727588738,0.307084311333333,46.5419929493333,51.7468165086667,0.8222479132,0.801006385666667,5.24301441513333,0.845509441666667,15.341527640566,395.273862713333,390.166807046667,0.0623417770951474,0.160972749266667,26.4061846312001,329.8980462,390.406314266667,14.693116895,0.0434943601688284,18.6270905736182,0.606660026331892,13.9984138663903,14.3691774670492,14.5541661265632,2.44821932685307,56.2,0.0233010054245935,248,0.438976750464717,0.438976750464717
"ARFU2","2025","Bernie","20160716",2.43,16.6484552393333,14.834177908,0.27706963379515,0.5352803008,42.8869756053333,46.261625926,0.9185275682,0.8162062886,12.7469368615333,0.782135747066667,18.8078608541521,394.525518793333,390.034006746667,0.060438736268868,0.1154573302,12.5560448144935,305.073563966667,370.6641662,11.204561415,0.0406886512138174,13.1102419158347,0.723708155711867,11.1611438363808,11.3128533569873,11.3873020868204,1.09779346536672,26.9,0.0271673983056646,154,0.2610106554276,0.2610106554276
"ARFU2","2026","Derek","20160716",2.67,16.3464272186667,14.8703186033333,0.403164810060237,0.550949007933333,53.80628357,57.2141171766667,0.713177491266667,0.630526519466667,3.64031906913333,0.785760689066667,16.9163484689397,395.963525393333,390.14455974,0.0577514611017532,0.135060786666667,21.2711056677097,306.575650113333,369.846180833333,14.15447857,0.0453834787349922,16.5840589544051,0.586596857897465,13.7807454205628,14.0705976286079,14.2153818790814,1.08607763471753,23.9,0.0302235897970503,144,0.261342644748063,0.261342644748063
"ARFU2","2027","Bernie","20160716",2.61,18.482623674,14.8861004513333,0.665390555130392,0.7688677884,44.9040761306667,47.4503135693333,0.895353718533333,0.687124900933333,140.875719193333,0.797250902933333,17.6059353782423,393.956848146667,389.96847332,0.0459575597639437,0.108507922333333,9.21806028907463,310.92026368,371.670248466667,8.334239875,0.0374410076030142,9.94011832217804,0.795857357920814,8.70447944458919,8.77659748968959,8.81178332086174,0.836989114748283,22.3,0.0260924539824242,134,0.314658142775833,0.314658142775833
"ARFU2","2109","Derek","20160718",2.28,6.21034964382353,4.80278037576471,1.98143029992427,0.792073978294118,61.6429434388235,65.5686946205882,0.285395332058824,0.241281326235294,37.4596783123529,0.915481241470588,7.7698666616333,393.045203717647,389.992571676471,0.0253496837918585,0.250819073058824,8.60994216019514,357.032886547059,391.105406,8.58221844825,0.0327797731523877,11.5115245900746,0.601775544934353,8.40961972444631,8.59838107895433,8.69246369349515,1.99082610821019,60.6,0.0153408644604306,238,0.201729495170623,0.201729495170623
"ARFU2","2110","Bernie","20160718",2.67,6.060147061,4.84977952170588,1.02435950386612,0.915104211117647,67.1487731941177,69.3619645052941,0.250573743411765,0.213186612647059,58.4870212776471,0.844775299,10.1434129439442,394.093640494118,390.097898594118,0.0273634250829325,0.131121654470588,18.6511741377903,329.548940123529,374.050761033333,8.73991395675,0.0309221403848835,10.1528516771561,0.493504070112992,8.522688188724,8.70388032278025,8.79521681838175,0.520794073484015,16.7,0.0211012985413057,109,0.168950363787884,0.168950363787884
"ARFU2","2111","Bernie","20160718",2.04,5.9522767365625,4.670831859,10.8641614797474,0.894063501625,73.461472034375,74.961760998125,0.1938910185,0.1549818151875,83.9295287125,0.8561157649375,8.57635596061448,393.4307823125,390.03012275625,0.035561006442098,0.15544193075,33.2444648843273,333.9117231875,371.8031096,9.823366039,0.0349553446993491,11.2241590888888,0.527772090088817,9.50623938448204,9.69401269546221,9.78831028809362,0.582762476097846,16.6,0.0240587348337148,109,0.374174989636338,0.374174989636338
"ARFU2","2112","Derek","20160718",2.22352941176471,5.06332217947059,4.88981704164706,2.95892145064939,0.717583903352941,66.1694953023529,69.8707091388235,0.261653022941176,0.255904226235294,69.2053543552941,0.951752560882353,6.69611486651684,391.534781070588,390.077945476471,0.0332213544542845,0.209631566705882,7.89646790244554,371.259035547059,401.240482666667,5.4063770005,0.0256905166992847,9.36707186632764,0.364062691381408,5.21063502481852,5.41881823367808,5.52531445540918,2.81419599341363,109.4,0.00659399695204793,391,0.207919606075883,0.207919606075883
"ARFU2","2113","Derek","20160718",2.22,5.55113238441176,4.84190685605882,3.36011269866355,0.615245708470588,53.1470956241176,59.5190535158824,0.353043344235294,0.330407725882353,61.5294786341176,0.927251609470588,7.83053514568962,393.2026798,390.125132835294,0.0566500204584763,0.295820212176471,7.51944235817299,361.751016664706,393.8825761,10.06389314175,0.0287729569575819,14.7616554805674,0.404135621798734,9.62374097090458,10.0435378310076,10.2598050056287,2.38138462822549,82.6,0.0124126445764543,334,0.321233592106293,0.321233592106293
"ARFU2","2114","Bernie","20160718",2.43,5.50670139607692,4.50707444776923,14.624407042347,0.518371854923077,76.6759561392308,80.4517346915385,0.146337165230769,0.116512358461538,59.5140251738462,0.951821823230769,4.98187082943551,393.716301553846,390.039621215385,0.0578057563030952,0.468558007153846,9.1153090295739,371.245636107692,392.2497632,12.98369634,0.0368796532829502,19.4887382942547,0.225315591019427,12.655490791097,13.2709313686456,13.5943556103687,2.44270019471961,66.1,0.0167621173824035,289,0.3126075316544,0.3126075316544
"ARFU2","2117","Derek","20160718",2.1,5.51187182882353,4.86493298594118,5.39149948603351,0.708562945705882,54.1388998605882,58.2189364717647,0.363378635,0.342837781764706,31.8699047982353,0.922519380764706,8.73229873254514,392.065151429412,390.100304094118,0.0394384948443183,0.187646768235294,7.63002972221018,359.883505294118,396.958631433333,6.810416502,0.0210837895601714,9.64365693157508,0.659434689196833,6.53713566150266,6.72635532699686,6.82001391423759,2.02422670771591,95.8,0.00920769400698997,349,0.215213585369047,0.215213585369047
"ARFU2","2118","Bernie","20160718",2.7,5.2620719274,4.3316733518,10.8443153439471,0.686771724066667,78.304036968,80.0580184933333,0.149611782733333,0.122060185133333,98.137163802,0.886241550333333,8.10309187720705,393.733540846667,390.027455653333,0.0353665339375712,0.170412280866667,31.5428846471958,345.660136413333,374.998837333333,9.6329501415,0.0212314398863104,10.9687870894093,0.760813853594337,9.45992586913494,9.66024055417467,9.75726053605422,0.440586063367018,20.6,0.01668856054054,181,0.314613180890298,0.314613180890298
"ARFU2","2187","Derek","20160720",2.04,3.73836757457143,5.2504001345,11.9001113770071,0.320617917714286,48.4486533571429,52.4376419621429,0.425263457714286,0.471639869285714,4.3773907935,0.869765157357143,12.5746629377513,392.379503521429,390.134098607143,0.0399773322209048,0.117880143071429,14.9180594666773,339.332501835714,384.5169439,7.865599531,0.0256774109970501,9.66354326548292,0.684619697430526,7.79939977673459,7.94562162988639,8.01768885610603,1.03489013503643,40.2,0.0155766806418882,199,0.125842905190583,0.125842905190583
"ARLA2","1836","Andy","20160710",2.85,12.69285481,15.0457907438462,2.45935755385064,-0.0144762347692308,73.1713644169231,77.6406643207692,0.448517749846154,0.574449568461538,211.108453592308,0.846706519230769,17.5149239542914,394.348646892308,390.033609246154,0.0720604943906705,0.145919638076923,13.4811275021044,330.275049792308,385.759205366667,-9999,0.0425605618608953,16.0328641868267,0.553625393439201,12.2655531004574,12.5679935969215,12.7197356870553,1.94969342506322,45.7,0.0228527288525524,207,0.215671550131648,0.215671550131648
"ARLA2","1842","Andy","20160710",2.34,15.2264747613333,14.8873310726667,0.667313942057101,0.1563231896,47.9347226466667,54.2147020973333,0.780035944066667,0.760237031,39.521579488,0.8687573824,12.9745035997247,394.71837158,390.03527018,0.0492945052083318,0.223541717933333,4.26779281710568,338.849557466667,386.100326,14.51671639,0.0318721391592538,18.1381913823288,0.683416820295979,14.073215277129,14.5059804367578,14.7195839791331,1.6324356113204,51.1,0.0203961778076505,276,0.427939585148597,0.427939585148597
"ARLA2","1843","Andy","20160711",3.06,15.6678821573333,14.907794698,0.600567190228332,0.3282788612,63.1483757006667,69.5501139333333,0.506513186066667,0.463487096,4.87881816226667,0.919983381733333,9.21180844060264,395.312774666667,390.302823906667,0.080832098953394,0.302115693066667,4.25913900093567,359.084494226667,394.9806998,14.220574905,0.0418933845604841,22.3251481442976,0.101594771391077,13.4761259691471,14.2116216745158,14.6023035038719,3.33381099875295,79.5,0.0164227086225738,333,0.242412544751926,0.242412544751926
"ARLA2","1844","Derek","20160711",2.16,15.3818596526667,14.8573635106667,0.498542943282805,0.3510067836,51.4403040573333,55.362367758,0.755552855,0.726297772466667,5.47547833113333,0.8463997136,15.0201260732521,393.864550793333,390.203837073333,0.0707482251360331,0.157840988533333,5.00046923680758,330.289723266667,384.969640133333,12.073835325,0.0354249059321138,15.6938722457924,0.496836762944183,11.7804622523269,12.1477906412807,12.3339849037564,1.63402975198103,46,0.019656692980962,220,0.234981692762044,0.234981692762044
"ARLA2","1845","Mariano","20160711",2.04,15.0908709257143,14.8939020964286,0.45852129538491,0.417502996428571,66.9714246478571,69.8223451907143,0.510631567071429,0.499348780214286,36.6053661628571,0.883702736071429,14.2385289133991,392.962101521429,390.079411092857,0.065519097587439,0.174746297142857,19.1624666491519,344.728107007143,389.4302149,11.961665,0.024778834900566,16.5381431237938,0.349560994563477,11.049189923162,11.630310626175,11.9354423328941,1.4059673821302,56.6,0.0139335524708043,285,0.586041781387707,0.586041781387707
"ARLA2","1846","Bernie","20160711",2.4,15.4278720213333,14.890984218,0.576628850327989,0.3966428566,66.4075116473333,70.3097997026667,0.4943066194,0.4644095748,15.9679503746667,0.95592562,9.13256122756964,392.026300033333,390.162253826667,0.0549255408650243,0.227988028,12.2889110765847,372.977379126667,410.5921041,9.592547486,0.027992551837515,18.2961483228083,0.133069733411335,8.9801268521628,9.64737024938143,10.0048268059637,4.14340904054612,147.9,0.00821494716559985,577,0.285500573063724,0.285500573063724
"ARLA2","1850","Derek","20160710",3.36,17.1084955213333,14.8274619426667,2.85539167407611,0.322860069933333,36.0976179753333,43.46521225,0.982389295733333,0.8527893246,12.0713555016667,0.911916716266667,13.7926927259928,395.255303946667,390.100117993333,0.0473971112713944,0.216864347133333,30.0271478547369,355.748768506667,405.8332474,14.920536555,0.0358872818242133,21.235216422661,0.562788777061474,14.1910330547593,14.7972422899421,15.104115528258,3.34163031201162,93,0.0172046855692102,379,0.345270960850912,0.345270960850912
"ARLA2","1873","Derek","20160711",1.74,15.7230353033333,14.8725087493333,0.55732276356839,0.261959310266667,47.9194740293333,51.8657267246667,0.817326037333333,0.769705201933333,94.053548178,0.8416799486,15.9638622401061,393.83252564,390.216406246667,0.0660712820374129,0.191126631133333,2.15311405804864,328.453224493333,386.267222733333,14.66428177,0.0315924457668544,17.5806849584165,0.831024237947011,14.529969972088,14.8131284168494,14.9471981211423,1.63629745441112,51.7,0.0220344561361451,301,0.375211816259037,0.375211816259037
"ARLA2","1881","Derek","20160711",1.95,15.5947574606667,14.8768345513333,0.502125024509413,0.314036345333333,47.2740206386667,51.198573812,0.829434582466667,0.789146453733333,60.862535604,0.8135851426,18.0815189309656,394.154555253333,390.075244153333,0.0529743901133526,0.163151818466667,2.83837325757003,317.373569013333,379.6876541,14.69581025,0.0361712777010469,18.0568649755956,0.573184722557115,14.2345163582569,14.6704427131779,14.8896529845353,1.20234532545975,33.2,0.0238580171818644,197,0.247594008442754,0.247594008442754
"ARLA2","1882","Bernie","20160711",2.13,15.7921504973333,14.8635086053333,0.663330269964541,0.344146590733333,59.947315978,64.0720731106667,0.597786385266667,0.545609330933333,77.971613566,0.914493623533333,10.9597887342414,392.905788166667,390.1447408,0.0640286567072571,0.235390792466667,6.50327279065472,356.803595873333,397.539676333333,11.428762805,0.0302114375434745,16.820671473028,0.493581297285956,10.8494112665593,11.3306909934819,11.5764987970842,2.92504856651355,96.7,0.0131348006495796,380,0.255306793774678,0.255306793774678
"ARLA2","1908","Andy","20160712",2.49,4.3798392456,4.90599524173333,1.47709775673588,0.430149374933333,38.9522936506667,44.9097936006667,0.477937378933333,0.493646928066667,19.28114713,0.915644210466667,7.50576812631113,392.361372906667,390.193566906667,0.0468563006212109,0.146279143866667,6.1029084114614,357.278068186667,386.026473133333,6.1000638955,0.0256422843517141,8.47161874666297,0.114223056490116,5.92479618512035,6.12914723699214,6.23539274358982,1.13916116162908,44.3,0.0107397003641411,190,0.213322199400055,0.213322199400055
"ARLA2","1921","Derek","20160712",2.16,5.07575286226667,4.879769961,2.02987331750946,0.465471709866667,48.2060679113333,53.2329134613333,0.406444817266667,0.4003643388,4.7819985548,0.9175804448,6.99837800790105,392.356844073333,390.065401206667,0.0353276168084647,0.185519641133333,4.2913218063219,357.921243966667,387.104743733333,7.3755753915,0.0229293537677156,9.15641310171821,0.565134390597444,7.0439087112514,7.22396112462706,7.31423893210437,1.03417249816675,44.9,0.0127584249304527,210,0.258783051802589,0.258783051802589
"ARLA2","1922","Bernie","20160712",2.085,4.37063549353333,5.95854536693333,4.85415372010626,0.414593902133333,71.0481165566667,74.4052103666667,0.262072969866667,0.312264813333333,15.8742477406667,0.885462212266667,9.93361092885528,392.6652649,389.993595386667,0.0289622715499468,0.1549269888,11.7003224736188,345.32481288,385.0562205,9.091026072,0.0312960213621014,11.609177390886,0.433262774214122,8.79617524277645,9.04288030568243,9.16829595917731,1.25949192540336,40.1,0.0165978082169076,187,0.194923824659935,0.194923824659935
"ARLA2","1930","Andy","20160712",3.51,3.51299502033333,4.88669102993333,4.76512072502829,0.3749614382,53.105632018,62.968183136,0.334451242533333,0.3748540654,5.82238534273333,0.925820751533333,8.30177864508483,394.127889006667,390.279833973333,0.073192462837793,0.217889212733333,2.7198654174017,361.328392766667,394.276675066667,9.543801161,0.0218153299950315,14.0113354583163,0.39178888253697,8.93952362713167,9.41237733711835,9.65886487091148,1.84637781372687,84.5,0.0104085125793891,365,0.365691135755604,0.365691135755604
"ARLA2","1954","Andy","20160713",2.16,24.9613488513333,24.9420360573333,0.396732685619922,0.0772261734666667,54.5112426753333,57.956582896,1.33488900473333,1.33257892453333,203.87534688,0.7920285248,22.4812026102732,394.824682613333,390.222098793333,0.0676706066161245,0.1359707264,13.9175997540575,309.09423402,386.743935766667,14.412617,0.0371368054505821,16.9426393517099,0.869673700259768,14.0218085194452,14.1923279225915,14.2728232597746,2.06903242194144,55.6,0.0249252053703058,285,0.370884607740283,0.370884607740283
"ARLA2","1955","Flash","20160713",3.54,25.8640762064286,24.8887750085714,0.300340478180745,0.0722648869285714,48.3744209828571,54.962903975,1.41937874371429,1.32499441228571,237.530048907143,0.813552034142857,18.4474998596,399.320155564286,390.198497214286,0.100143424521971,0.170030865571429,27.8840732507025,317.4876742,383.659168333333,17.09723925,0.0486873614688825,20.9190374745054,0.700579655466247,16.5637759115088,16.918206241073,17.0923436559038,2.37087009199651,48.6,0.0292627803528288,235,0.352520878125779,0.352520878125779
"ARLA2","1956","Andy","20160713",1.74,26.5094754526667,24.8597248073333,0.17226445230968,0.113414793533333,39.0522672033333,42.0540565493333,1.85276159573333,1.69323677433333,159.98037416,0.821075218933333,20.3129460053544,393.323032626667,390.161769606667,0.0496010135558406,0.125512314533333,20.5274730174447,320.348066333333,392.378123266667,12.207679345,0.0354886985697693,15.6986188547695,0.787440009465024,12.1350936228127,12.3538148214711,12.4593762589782,2.40257872436483,67.6,0.0203607260838724,289,0.507604568640405,0.507604568640405
"ARLA2","1960","Flash","20160713",2.4,24.97354017,24.97208459,0.515976888161711,0.187879453214286,57.4434852592857,60.9374286114286,1.24509099957143,1.24380122642857,25.6499463492857,0.789281202714286,17.7466488232172,395.581089557143,390.154477807143,0.0766810001001925,0.132553762785714,30.8607574494177,307.958318528571,384.671297033333,14.94615671,0.0352311319804439,18.7131913381091,0.639639616589979,14.486030120979,14.9285735137605,15.148800732077,1.6653562081956,47.2,0.0221014865179175,251,0.355772238658096,0.355772238658096
"ARLA2","2107","Mariano","20160718",2.13,5.5209512392,4.910938263,2.01416155172114,0.506334476933333,47.188089752,55.0196309393333,0.389759053466667,0.371041900466667,99.5332158473333,0.913163037866667,5.13751244722342,394.45424804,390.005531826667,0.0491760672073136,0.338862252,21.2875696801845,356.137766506667,382.6383092,13.0041827633333,0.0126308586679936,13.6639540847125,0.961770430141311,12.4706665702484,12.7886197264842,12.9100896378556,0.211657453145772,16.4,0.0118400204393389,440,1.51858241742533,1.51858241742533
"ARLA2","2108","Flash","20160718",2.37,8.992771478,4.80421183661538,2.86581866977947,0.472740428692308,44.1297002930769,50.3687738269231,0.423212153153846,0.287454607846154,92.6956986638462,0.946933081307692,4.26519629076258,393.321030838462,389.950854969231,0.112720578406583,0.396020494153846,7.67967406740665,369.262581361538,385.1383087,10.57277394,0.0437315264449398,14.0643757375317,0.193897707241213,10.5190820224082,10.8373072435034,11.0017144474486,1.40848890514577,32.1,0.0218045831071391,150,0.486273581934327,0.486273581934327
"ARLA2","2123","Mariano","20160718",2.34,4.85845874146667,4.79878908793333,4.96444848236371,0.344845662866667,48.527917734,56.589317068,0.375514924266667,0.373624356933333,141.59634551,0.9470805546,4.06047707054833,392.747945146667,390.158860266667,0.0447969156191643,0.298060322066667,15.8507642362943,369.513174286667,387.578322066667,7.427648234,0.0288690477817235,9.92119649212082,0.339443111776396,7.18644594362951,7.40051134561278,7.5100790769477,1.35017742783201,46.6,0.0132238613499384,199,0.255163782594353,0.255163782594353
"ARLA2","2125","Mariano","20160718",2.16,4.83431720716667,4.91868118441667,12.9785658661971,0.189442017416667,52.4144697191667,57.5803171783333,0.369966615583333,0.372964956083333,113.807261785,0.885750462083333,8.97368909401307,393.446782433333,390.046422325,0.0473780903607231,0.202041219,4.81153630452835,345.484163266667,372.902503233333,-9999,0.0401500427989474,13.8521883963207,0.232598710134212,11.5652073804284,11.8881382128597,12.0548810295338,0.125839915895333,3.10000000000002,0.0336475269913749,40,0.334069371860825,0.334069371860825
"ARLA2","2126","Flash","20160718",2.07,10.3307521175333,4.5938901424,11.2136177275526,0.778224023333333,37.072959518,43.6045771273333,0.501900534,0.3113533798,103.054096474667,0.9613266838,2.65677407754226,392.585911046667,389.986926253333,0.0492429232001412,0.490551749,8.78552808893502,374.90633594,386.590305466667,7.15325106666667,0.0293146500098507,8.31539874841675,0.768760816342785,6.88578419824701,6.95807602214846,6.99341495235999,1.02798631691105,34.9,0.0179366177262137,167,0.336110445263422,0.336110445263422
"ARLA2","2175","Andy","20160720",1.68,2.58466071757143,5.15271220885714,7.169083830215,0.640834726857143,67.21584756,74.0914437438095,0.262102309714286,0.338316358095238,17.8267575214286,0.940371159333333,5.22251295249874,392.242011666667,390.09297397619,0.0460584649102081,0.283936106095238,9.50840433308588,366.837061314286,394.666187433333,6.07739748675,0.021126174425022,8.89960036965744,0.681097214415573,5.94266752833591,6.09619485281712,6.17188540284515,2.08770225139371,98.6,0.0087379935985292,343,0.305162222323926,0.305162222323926
"ARLA2","2177","Andy","20160720",2.7,2.7885730506,5.08241224305,5.69402042221118,0.3542615954,65.599287605,71.0578830725,0.2809237667,0.3489336178,4.08374209395,0.90649529255,7.32766597236501,392.699601755,389.97211761,0.0552849284844237,0.157285417,6.95494580968282,353.50269144,383.375353775,6.3554432195,0.0206295767138282,7.97029441925981,0.502104427837841,6.22772914695393,6.39157472892958,6.47432046727302,0.735792136352093,35.5,0.0119833424447483,179,0.196763329119341,0.196763329119341
"CAAQ","1874","Derek","20160711",1.2,15.141447322,14.8884933486667,0.628079677477128,0.347392990133333,64.108154806,66.039917754,0.573906903533333,0.559815096533333,13.1416859306667,0.886782663333333,17.8259497252737,391.90500488,390.14557292,0.0512086506011371,0.179514413133333,8.5796538479013,345.990511073333,410.4073576,14.585220865,0.0309309830746465,21.7519361565768,0.642781100839583,13.9803765263697,14.6586911431884,14.9986089772188,3.81587259583962,123.3,0.0147947147442905,482,0.289081431158018,0.289081431158018
"CAAQ","1924","Bernie","20160712",1.08,15.3504831946667,14.84986159,0.282343563098778,0.265177401466667,46.694769288,48.9614672346667,0.866041051466667,0.838363538666667,226.628661086667,0.844015917,16.4822002549088,391.93690592,390.080688473333,0.047327778770191,0.157647741933333,3.95931694528826,329.243032513333,388.376315833333,13.44494829,0.0300341900761951,18.2561528591968,0.504560028134557,12.9256106268835,13.483096057557,13.7683496299865,1.79242711066126,59.6,0.0170913803954108,292,0.219601335450864,0.219601335450864
"CAAQ","1950","Derek","20160713",1.02,28.3564393178571,24.9513180607143,0.729809275037437,0.196547075785714,34.0198959635714,35.5562011164286,2.13542578942857,1.79751518878571,102.353775565,0.798450074785714,23.2675015933634,392.034356257143,390.026750835714,0.0427136143614376,0.114972641142857,27.8698956377642,311.425767278571,392.057128066667,14.31836004,0.0864266196122498,21.3522158978094,0.164561538461985,14.012251949693,14.4129206625757,14.6187379862025,4.70219322227945,54.4,0.0264093073905733,211,1.063590894501,1.063590894501
"CAAQ","1951","Bernie","20160713",0.9,27.6791081746667,24.9545019786667,0.805861294093429,0.277521192133333,32.7085703526667,33.9691780086667,2.17720399346667,1.90907753546667,85.1043772373333,0.745847615866667,19.2516118355734,391.545711273333,389.938871253333,0.0487457586577249,0.0963426731333333,11.2757741556292,290.842522766667,355.424010966667,9.8786998125,0.0164558929804794,10.0061370868746,0.9999,9.55682815658922,9.55699978566227,9.55707311092975,0.448626912916085,27,0.0156501195409391,583,1.33601771432897,1.33601771432897
"CAAQ","1952","Bernie","20160713",1.125,28.0469362893333,24.5677371973333,1.63105199882633,0.497567837066667,30.5284948973333,31.655784098,2.23265123573333,1.89545041253333,60.7088630686667,0.673258180666667,27.2049762987544,391.945579013333,390.02011514,0.0396318661792893,0.0705735751333333,13.428074013127,262.58091186,339.8308282,8.620452735,0.0680221608724425,11.1312949135614,0.593085632574151,8.90305960236855,8.98793197467807,9.03023139366588,1.72534843524602,25.3,0.0335012869013833,104,0.490299238471301,0.490299238471301
"CAAQ","1963","Derek","20160714",0.99,15.6124070473333,14.8717679333333,0.435466344821608,0.313318220666667,56.1639981586667,58.0390052793333,0.705974906733333,0.664844062,16.3682545326667,0.824189538733333,16.4737791963822,392.460150146667,390.13712566,0.0426953117503998,0.182750370733333,11.1537347524244,321.551557086667,378.9616164,16.66905622,0.0449791072818106,22.2360174867622,0.323052101175884,16.4282134833685,17.0717861679086,17.4058140264986,1.44657401155973,32.1,0.0273358465802989,179,0.45842276510623,0.45842276510623
"CAAQ","1964","Andy","20160714",0.96,15.0168877906667,14.8908933646667,0.456480778348281,0.213268151933333,67.4605422973333,69.6227015173333,0.514013920533333,0.506918937933333,25.1028774253333,0.8828765556,13.1354699269287,392.241601573333,390.023435466667,0.0403955746495867,0.2788763964,8.01277395977095,344.34509506,392.199477533333,19.566001455,0.0393093028829369,26.4523724312064,0.555833968590574,18.4628991158074,19.3124854844459,19.7453404255784,2.71647980860071,69,0.0225540674180814,335,0.664306145749928,0.664306145749928
"CAAQ","2000","Bernie","20160716",1.08,15.588969548,14.893828074,0.602290761741772,0.346985261066667,59.2546831766667,61.0899948113333,0.655314124866667,0.615967738466667,80.52967453,0.8189056394,23.4208829855783,392.098360193333,390.023461913333,0.0287100348564873,0.1791561402,13.8828821870904,319.3979018,391.9229807,15.449096785,0.0389162102400565,22.2445420431284,0.423423538638641,15.1839215082558,15.8635727941068,16.2144455985845,2.58026045768932,66.2,0.0199796766646881,299,0.342579145284751,0.342579145284751
"CAAQ","2001","Derek","20160716",1.14,15.632834434,14.8734218586667,0.676550861263375,0.325806250066667,59.082549794,61.183685558,0.651419213866667,0.6087206136,28.0928499213333,0.815046351266667,20.7677008434087,392.592417393333,389.93559774,0.0355467658751377,0.196212213133333,8.42940179015176,317.827911493333,384.7352817,17.3063518,0.0441954945744271,23.0297730574157,0.428550015897587,16.8445925131081,17.4974614096755,17.8330040418025,1.94055214076026,43.8,0.025684954490933,225,0.372512554715635,0.372512554715635
"CAAQ","2021","Bernie","20160716",0.87,14.17850685,15.09886456,NA,1.004854503,76.66544342,78.35116577,0.400373237,0.450692019,22.23709869,0.798101664,NA,392.7038879,389.6941528,NA,0.256386937,NA,311.0155519,-9999,-9999,-9999,-9999,-9999,-9999,-9999,-9999,-9999,-9999,-9999,-9999,-9999,-9999
"CAAQ","2075","Andy","20160718",1.11,5.02379799883333,4.90076126658333,3.18394257567866,0.8357106275,62.27912203375,65.4651405008333,0.300898523916667,0.296776812125,73.73733393375,0.931836111333333,6.1507117737637,391.381158195833,389.952442175,0.045135765045909,0.2237852535,17.892793746536,363.373162708333,393.8443829,5.20325925125,0.030985661062177,8.16151496688288,0.355253276498594,5.03117895679704,5.16952718797806,5.23982403014282,2.2565742847646,72.7,0.00861879691304427,263,0.453718611207091,0.453718611207091
"CAAQ","2077","Andy","20160718",1.17,4.858499243875,4.9077648521875,2.32782431423585,0.3459903220625,57.334120749375,63.14322209375,0.322017207375,0.3233830561875,53.920882225,0.9515090244375,3.97721848126736,392.076158525,390.10671043125,0.0237707309023952,0.354658637,10.6585622253655,371.19019769375,389.295045233333,8.028284892,0.0326669063136892,11.4913853390921,0.149918145113144,7.76742858518808,8.05212369654101,8.20011483571863,1.76623914840529,54,0.0128400260043601,224,0.548093312312918,0.548093312312918
"CAAQ","2142","Derek","20160719",0.96,5.83047693975,4.8216666876875,2.9802166150578,0.61523882325,68.824357509375,70.86662960125,0.2395491100625,0.2083771765,32.791470765625,0.9603750120625,5.35514108812916,391.063337325,390.05499268125,0.0304759006101475,0.3072352990625,29.2128057068261,374.5968357625,395.362535833333,8.047169926,0.0187932692802858,13.4763101734589,0.0813971273512898,7.55687760000402,8.07325655576931,8.35253671646331,1.72917924548613,91.8,0.0079754908792132,399,0.253969917083064,0.253969917083064
"CAAQ","2145","Derek","20160719",1.2,5.08471520738889,4.90076282283333,1.82851583699899,0.687806512722222,53.7683194477778,56.81525612,0.376866895222222,0.3707545225,36.2225642744444,0.944151873166667,6.57349025003982,390.979271777778,390.049594461111,0.0304737498559036,0.188625584333333,15.2187989988343,368.268757866667,395.5129085,4.7158593846,0.013909642403866,7.30739903013994,0.399075705863846,4.39384928136607,4.60613082143013,4.71566206693896,1.5122374541644,108.4,0.005094155525332,409,0.290682968012535,0.290682968012535
"CAAQ","2155","Andy","20160719",0.99,5.01553044821053,4.87254699915789,1.11006249884898,0.508521273789474,55.4948168305263,58.8856239305263,0.357042940947368,0.352424696,56.7968804210526,0.937635017789474,5.33147273035631,391.323526478947,389.986935268421,0.0398678874364485,0.267116530473684,9.12993017626421,365.666163284211,393.704670766667,7.195729065,0.0333087799276348,10.6475619896757,0.443650457140369,6.95178607862627,7.14791954974317,7.24721830800187,2.47588486392131,74.2,0.0114903555981723,270,0.477072776573557,0.477072776573557
"CAAQ","2163","Flash","20160719",1.2,7.1868283451875,4.752197235875,4.5073593367043,0.62886487925,45.936716795,49.928441285625,0.4291553475,0.3529643414375,67.05765390375,0.9419007279375,4.6327931707335,391.7735500375,390.08830069375,0.0372801234826185,0.25042707025,7.81956972262714,367.42571310625,385.568202233333,6.548621498,0.011200881693702,7.3381842594137,0.797468575828071,6.30866826293731,6.47330745557418,6.5518980874802,0.196957400387455,17.2,0.00938813303561281,201,0.515398138333283,0.515398138333283
"ERAN6","1818","Bernie","20160709",2.099999905,16.5833597178571,14.7585265992857,1.43113008606271,0.563638145142857,48.5039994371429,51.1369740628571,0.819776650857143,0.7177926555,136.485345562143,0.806932027857143,15.9770220491189,393.926300057143,390.006110042857,0.0502714295474285,0.119523242714286,31.7323515495511,314.698233742857,373.110405233333,12.58516154,0.0256858418299823,12.9989781293618,0.911223698035948,11.77489748244,11.8870087186832,11.9388304106316,0.694398435986571,26.9,0.0211068095002657,251,0.933731208105232,0.933731208105232
"ERAN6","1819","Derek","20160709",1.95,17.0014153885714,14.8274341985714,0.299262975880334,0.516994542785714,61.0022833685714,63.9757826671429,0.574254033,0.450860195571429,64.5762484414286,0.883750910357143,13.5529020665331,393.773797171429,390.091740185714,0.0472189169554102,0.239372421,6.22833351161195,344.752711835714,394.150850566667,14.67185456,0.0386794937889354,19.0570859034628,0.739534151268613,14.397639078811,14.7440451322585,14.9127685611714,2.77813484503043,71.7,0.0217397038460547,310,0.203581879968315,0.203581879968315
"ERAN6","1820","Andy","20160709",1.86,17.19569029,14.9063912128571,0.640750250970316,0.505558808928571,56.8499033792857,59.7589291157143,0.655780876071429,0.525790131357143,114.397848941429,0.863280675714286,15.289083384849,393.648653307143,390.115668164286,0.0477953648473739,0.214268464571429,5.60948197050476,336.784605821429,388.735916533333,14.28960703,0.0330659800614739,18.4025771877749,0.680844045185868,14.149931916644,14.5802743656831,14.7927456789821,1.82887346454505,55.2,0.0205050303243507,283,0.357512129567485,0.357512129567485
"ERAN6","1821","Bernie","20160709",2.099999905,15.32046645,14.9038326407143,1.25111675412751,0.354798884571429,58.1236256185714,61.9009472985714,0.649507916,0.625030434571429,118.658075607143,0.847255983,19.0359098618885,393.775015685714,390.124749314286,0.040883107947933,0.183791744214286,12.8227832307507,330.553949978571,389.253189633333,13.69103972,0.0336169813306798,18.0921415827934,0.492891510260791,12.9576798348622,13.461039292418,13.7178303663983,1.95754036212105,58.1,0.0183455087560356,273,0.415314948232301,0.415314948232301
"ERAN6","1827","Derek","20160710",1.5,16.5619820266667,14.8666884746667,0.480592668045492,0.537790923733333,57.826789856,59.5248695373333,0.667166445533333,0.5719536722,72.011252594,0.8594123196,13.3639271908014,392.070249433333,390.05161744,0.0274970411184473,0.134259929533333,14.1849190876811,335.220930526667,387.512941633333,9.802207578,0.0312389426388667,13.4458376084256,0.292683378565541,9.4856893589718,9.84305269921462,10.0280653405773,1.55364955573052,49.6,0.0151788176861117,223,0.54959983452708,0.54959983452708
"ERAN6","1828","Andy","20160710",1.65,15.3419194228571,14.8963650971429,0.97709957265186,0.465837142214286,71.7723154335714,73.7270202628571,0.443166608428571,0.417109864928571,77.5560073842857,0.828234839642857,22.4112222679492,382.8853084,380.162091935714,0.0478937257339713,0.181747317571429,25.2054628508181,314.872173028571,387.4300739,14.68466522,0.0300607701124997,19.2910929572635,0.733266007356411,13.8797623282255,14.3645612270482,14.601075022217,2.7995562151412,93,0.0168439367101156,402,0.843625204456728,0.843625204456728
"ERAN6","1829","Bernie","20160710",1.5,16.6367748807143,14.9386297642857,0.607333988403944,0.340845562142857,53.3579818178571,56.4839466642857,0.728134626857143,0.632408851714286,133.076888486429,0.871070253071429,12.9914940233029,392.850701471429,389.584422521429,0.54896909270532,0.229343570642857,15.0968173302953,339.458163785714,383.819188,16.520588325,0.0369414766928042,22.8574876142322,0.353514944891153,16.0930786352388,16.8563924872484,17.2553791006129,1.48477531953423,40.1,0.0226788676322407,225,0.462236558354426,0.462236558354426
"ERAN6","1835","Bernie","20160710",1.5,16.603529104,14.95367686,0.966584361615702,0.4667165772,55.6346178686667,57.7873186733333,0.705001821933333,0.6118265206,118.423123668667,0.846405937,15.8714063572761,392.678086346667,390.056260166667,0.0324423171746339,0.160791924066667,10.1128058636632,330.150685033333,388.074632366667,12.673343675,0.0469163819774351,17.3107409742252,0.359355827933289,12.3382497990942,12.7282175393316,12.9278583423002,2.45145402248171,52.2,0.0212508778559736,220,0.27892863665332,0.27892863665332
"ERAN6","1837","Andy","20160710",2.34,15.61846536,14.9667819973333,0.923450668232107,0.319165493066667,67.8597315466667,72.4939875286667,0.4559653152,0.419176301466667,143.98510946,0.910698457866667,9.73538604399498,394.578334553333,390.112624086667,0.0443375600116913,0.314230677333333,5.91264049593671,355.27430876,391.755071066667,16.122329485,0.0300335779598019,22.2903942928567,0.584522979440691,15.3481723163193,16.1118056442843,16.5005211914944,2.25300126860915,74.9,0.0175802957265579,369,0.349555165369191,0.349555165369191
"ERAN6","1838","Mariano","20160710",2.25,15.681947994,14.905240631,0.899828116049072,0.8353484157,66.78258133,69.07854538,0.5107632473,0.4670299236,147.81666338,0.7657517361,14.2648322996201,394.99711609,389.99216308,0.0276676601554948,0.1389851647,20.8930476707846,298.64455171,-9999,11.39763286,-9999,-9999,-9999,-9999,-9999,-9999,-9999,-9999,-9999,-9999,-9999,-9999
"ERAN6","1839","Derek","20160710",1.28,16.543088722,14.8599027626667,0.45546847909428,0.272906846733333,58.9874966933333,61.953629302,0.6204076894,0.5261172316,84.2018061313333,0.883923134533333,10.5216042813973,393.386413586667,390.176188153333,0.0591177618325541,0.309205768533333,11.187061087998,344.889216626667,385.1981254,18.63438378,0.03386741597974,22.0215352453791,0.765793538510646,17.8947390121068,18.422420343721,18.6772191663805,1.37042255241416,40.4,0.0247668762342421,279,0.486793839001246,0.486793839001246
"ERAN6","1840","Bernie","20160710",1.35,14.7614307393333,14.8868857066667,0.561843345801217,0.232753349266667,65.5477272033333,68.3699742633333,0.5417278308,0.548091767266667,111.457507844667,0.898788138866667,12.6611780189548,392.210935466667,390.169844553333,0.0490802191349736,0.2363978218,9.16065256491165,350.69493618,397.157830933333,12.548634805,0.0423571334071856,18.5283698055973,0.412156693690338,12.0792670826502,12.5404558407574,12.7764969182908,3.48195712087981,82.1,0.0167113887997527,317,0.215756807598709,0.215756807598709
"ERAN6","1935","Andy","20160712",1.59,3.3645875965,5.72465848921429,10.3819974711515,0.180277488785714,77.4547860292857,80.855862755,0.217211227571429,0.290309992857143,5.54051102921429,0.926583874857143,7.97349914915142,391.639702928571,389.992130828571,0.0268874154975776,0.210423660285714,5.59040816393395,361.362965028571,389.2445665,9.534594964,0.0241933401137929,13.9043666770075,0.0915161302318001,8.96087751336379,9.43926597718838,9.69457308629606,1.2831653667473,52.9,0.0120662717285894,252,0.357254205622535,0.357254205622535
"ERAN6","1961","Mariano","20160713",1.5,29.031371306,24.8400667833333,0.262242635752271,0.3434920582,30.4265721633333,32.6091092426667,2.25835644893333,1.84008957913333,195.248501472,0.772062983666667,23.9858734835803,392.840694166667,390.106190993333,0.0543428280161937,0.1129531794,10.6102643341332,301.201702473333,381.4196851,11.43373401,0.0354042404780909,13.6661587214308,0.828291845747043,11.0879677516867,11.2243710745653,11.289892755467,1.86120351001672,52.5,0.0220392081258928,244,0.391555038814567,0.391555038814567
"ERAN6","2053","Andy","20160717",2.1,5.09276975006667,4.83016726173333,2.02071462286505,0.457798556533333,66.237494914,72.0994781486667,0.238500554,0.230452166733333,101.552328492667,0.942685198333333,4.91864604466283,393.597841386667,390.238682053333,0.0583332007044156,0.343337047933333,10.9759527773634,367.874164913333,388.4534517,10.77914725,0.0178884030031946,12.9649432410723,0.713504519486282,10.0524654973017,10.4379298947078,10.6275720138229,0.800633230598516,44.5,0.0127639699943297,298,0.514469745060253,0.514469745060253
"ERAN6","2055","Andy","20160717",2.04,4.8101718108,4.9016967138,2.47615594190323,0.4857076346,72.088086954,76.6082453413333,0.205965027466667,0.208558920866667,102.759378558667,0.943751095533333,6.23607037119286,392.71894124,390.109368893333,0.0523106534070157,0.292951287066667,6.86507254740323,368.16557212,391.533615633333,9.1360207765,0.0201739365271817,13.7296034140308,0.35655856635224,8.89882937262711,9.38623127390157,9.64222017615955,1.40649996310223,69.5,0.0105988222380834,327,0.417315886061507,0.417315886061507
"ERAN6","2062","Bernie","20160717",1.68,7.02755133306667,4.90225410466667,1.36241614995564,0.4600998004,44.5299397793333,49.688913472,0.437180750666667,0.370240068133333,81.1357523573333,0.946705735466667,4.30135339800166,392.053114826667,390.065590406667,0.0296281634089045,0.310781878533333,13.315099827529,369.276417746667,387.0465089,8.524366653,0.0182936801088294,10.8450107837094,0.569030678384118,8.2089064998194,8.51733254673828,8.67330017839393,0.759535162998645,41.3,0.0118883105246971,240,0.374167953448845,0.374167953448845
"ERAN6","2063","Bernie","20160717",1.29,5.956167825,4.8347911516,2.16597053067666,0.391041345266667,54.0076810193333,58.0662750233333,0.3583562502,0.3234208324,112.478560893333,0.941923544666667,6.25702196494545,391.680173753333,390.031233713333,0.0283666143158782,0.3404739956,4.24048446778167,367.382598733333,391.6164832,10.3713730355,0.0371161064903451,16.0269632945835,0.0433655602972831,10.0053851496063,10.4805076318153,10.731408872801,2.53425989691884,68.2,0.0137039810472145,284,0.262378285413251,0.262378285413251
"ERAN6","2064","Derek","20160717",1.23,5.40411516826667,4.91359256106667,1.95622592319523,0.339220028466667,67.3520838413333,71.4582555133333,0.2420698366,0.227039771933333,85.220579532,0.973586471133333,3.30036547449609,391.2226359,390.043967693333,0.0352773676553416,0.508259782,15.6730049280346,379.74065522,395.025232866667,8.4308326505,0.0453262100532801,14.1600087301015,0.113279960901888,8.02247435690474,8.35068398147066,8.52100471294218,3.89255262346069,85.8,0.0109089955613596,333,0.576167944761717,0.576167944761717
"ERAN6","2072","Derek","20160717",1.8,5.2779434522,4.94645531973333,2.1451562587291,0.342623724733333,58.125454204,64.23154831,0.3102505992,0.299842949,13.4756298073333,0.957200911666667,4.27632869714511,392.032466653333,390.094399006667,0.0532546993160081,0.380582920466667,5.04913491102316,373.40187562,390.770300033333,8.5812306405,0.0172647710574906,11.1149944377256,0.704335352426428,8.14727575950431,8.4411537757225,8.58572409525633,1.34416021196013,77.6,0.0101665550358387,365,0.238164996535596,0.238164996535596
"ERAN6","2101","Andy","20160717",1.98,5.1292675654,4.92123133346667,3.2260892933729,0.416844002533333,64.9893330886667,71.1979558313333,0.249254713066667,0.242756101866667,121.877763367333,0.9409150192,4.88033698754348,393.372096766667,390.103057846667,0.0613749373221702,0.368884090266667,2.32442669712961,367.057055266667,388.006078133333,9.5925789265,0.0276789534795719,11.4849816735348,0.717632759806377,9.27629614384972,9.45634492058789,9.54455323157162,1.20846028774034,43.5,0.0172366177983211,221,0.495691396083989,0.495691396083989
"PEFR5","1925","Derek","20160713",6,24.4622913366667,24.929062144,0.505514172356875,0.1581992488,37.5998512266667,46.443948618,1.70030259473333,1.7423475722,163.779360469333,0.733591023133333,25.993870927329,401.088051353333,390.2482483,0.130900654421889,0.0925277247333333,11.0924192080549,286.34028532,378.1097268,11.2200771,0.0605302361658658,14.7037452244489,0.585642389457746,10.8477569490544,11.0180145823966,11.1029084483531,2.84792036199023,47,0.026230017044284,177,0.34196552049929,0.34196552049929
"PEFR5","1927","Bernie","20160713",6,24.2690687806667,24.9363651273333,0.571720882918975,0.241441186866667,62.2589630133333,69.871018982,0.986849227133333,1.04802687926667,199.335371906667,0.830192124866667,23.0727877666942,399.711903906667,390.03477376,0.133103896908992,0.134507461666667,6.94641736207743,323.839104566667,415.0619597,12.46443231,0.0550259448551801,17.9201001683472,0.78757058571346,11.9611252375848,12.1324541163721,12.2157501775685,5.02408736056154,91.3,0.0224456213847859,289,0.3180274804318,0.3180274804318
"PEFR5","1928","Derek","20160713",6,25.044246928,24.9515502926667,0.484145327907909,0.105328963266667,31.8204238886667,41.6928054813333,1.85546257406667,1.845892547,110.504672753333,0.775941081,25.3564303671836,400.67776286,390.070973713333,0.132083049759114,0.101607822533333,17.5780710349615,302.727477033333,396.515580466667,11.424982565,0.0576327550974121,15.6484978443542,0.723796058421257,11.1427839981136,11.2920667138484,11.3654766036468,3.66086569760589,63.5,0.0248933994334979,220,0.194478237157339,0.194478237157339
"PEFR5","1948","Bernie","20160713",6,24.7589509326667,24.892493056,0.400298321549872,0.260554347533333,52.7929311113333,60.8073361713333,1.24776787486667,1.25949361353333,226.354357913333,0.776946344333333,23.5019824821939,402.814420566667,390.2559143,0.15046244957462,0.120796059733333,21.4794316233865,303.26381468,390.076887666667,14.570437795,0.0513512997208837,18.922650307644,0.628287278529923,14.2300865962887,14.5420147781369,14.6969928955036,2.87707661703688,56,0.0261277510437752,232,0.216478290705366,0.216478290705366
"PEFR5","1949","Mariano","20160713",6,26.4078343713333,24.890456264,0.38775085529936,0.346749381333333,26.545299404,35.2309027353333,2.09840210966667,1.94946697946667,224.547483326667,0.7244418258,31.2070665213668,400.868261726667,390.042327886667,0.0998090337785104,0.0907690378,7.19900102188679,282.586684786667,387.142772633333,11.76577394,0.0497849434731609,15.2886396680567,0.723053871162782,11.4343450222204,11.6022015473325,11.6846289021688,2.90982223808671,58.4,0.0243291158173137,221,0.228983940824362,0.228983940824362
"PEFR5","1993","Andy","20160716",6,14.0741314611765,14.9722297888235,1.11426202180614,0.610954011411765,56.8051360635294,63.0701298435294,0.646763009352941,0.693869773,746.721746047059,0.779206655352941,25.0277179127707,398.453108852941,390.094021064706,0.0576346480066543,0.0980244284705882,10.9757378227775,303.969194723529,402.9215382,11.192665115,0.0415933241568385,15.3197024791385,0.590803216508991,10.8575304121077,11.1257150030333,11.2596142279085,2.87598315038613,69.1,0.0184352480857237,263,0.412870840864518,0.412870840864518
"PEFR5","1994","Andy","20160716",6,13.151025532875,14.923900126875,0.790419119668604,0.1236216294375,54.772823571875,63.20881939,0.65696972825,0.75021441225,74.1715354925,0.8449310684375,19.3510760723563,396.99676704375,389.9630413125,0.100610022476145,0.117092530875,10.4691563104037,329.485227775,395.574757175,11.26660916,0.0410243163031664,15.2286505643367,0.68652931879784,11.0701938350607,11.2962325231851,11.4076129148861,2.87710354002576,70.1,0.0195055681534151,266,0.503240185732933,0.503240185732933
"PEFR5","1995","Andy","20160716",6,16.337455432,14.8467997233333,1.4122317732722,0.663698888,41.6748331706667,50.7694407146667,0.8548093376,0.766315650266667,97.821461998,0.8209325654,21.5935890966942,400.465696206667,390.10216064,0.0574192183598537,0.150418535666667,11.0643964068992,320.253870466667,400.792244866667,15.89712897,0.0414887371558912,20.4848827337964,0.719804520002784,15.0656435322141,15.4557876189251,15.6466522064945,3.2725851648903,78.8,0.0220594315227378,324,0.549833023664522,0.549833023664522
"PEFR5","2033","Flash","20160716",6,13.1347075246154,15.0621640853846,2.38574494815744,0.172707703153846,55.8040639438462,61.2422447207692,0.688264570307692,0.791917537461538,7.82322923946154,0.740182646846154,32.2784249105867,396.993534969231,390.013068561538,0.0998643609837279,0.0703814204615385,7.54084413049219,288.739926884615,382.7300076,-9999,0.0596198094897316,12.4789762786624,0.728818900571164,9.25881235262504,9.34664395439875,9.38994957543859,2.71793774381333,45.6,0.0270976557990325,163,0.344060574029779,0.344060574029779
"PEFR5","2034","Mariano","20160716",6,13.8811391186667,14.9998053246667,1.08900601934535,0.278054898066667,41.3567110706667,52.8429092393333,0.815440981,0.875037947933333,3.8802861054,0.791151882133333,22.6069152772787,401.581652833333,390.01999512,0.0793058459494873,0.144681459666667,11.8290840902834,308.565529966667,389.219974866667,16.351964525,0.052782783311205,21.2396847880573,0.525750749019108,15.640608544256,16.0821686637698,16.304708097077,2.90777938394234,55,0.0264979847331534,236,0.4288820164064,0.4288820164064
"PEFR5","2035","Mariano","20160716",6,15.6853281666667,14.9835135146667,0.534866595860023,0.658326337666667,32.4781978606667,40.2679649346667,1.03498951453333,0.994663162266667,27.2739414213333,0.735946991133333,28.7500837770735,400.357234693333,390.142643233333,0.103432849008169,0.0952069876666667,20.4482772722858,287.114866533333,383.6887826,13.84621301,0.0583976903705793,17.5927887987135,0.488121047048132,13.0154221894216,13.3069028343267,13.45373177395,2.79494508621269,47.8,0.02662907810864,194,0.610206874430818,0.610206874430818
"PEFR5","2036","Flash","20160716",6,14.925281272,15.0000740053333,0.868169830461719,0.461707585533333,38.9987599693333,48.8882263193333,0.8869776562,0.888792050533333,15.807971954,0.7509452936,24.925879542565,402.586258953333,389.94395142,0.0983441215962672,0.130454061066667,15.0649670198242,292.822654473333,374.427479433333,15.55285972,0.0632564640861877,18.9652613995939,0.661651994274289,15.2066003622075,15.4421325766501,15.5586763681848,2.40120856008326,37.9,0.03560291567904,172,0.325683664350471,0.325683664350471
"PEFR5","2041","Andy","20160716",6,16.3980264033333,14.8893442153333,0.833770496915797,0.8336098674,41.580901084,47.997189076,0.905994156466667,0.8167635028,414.95097452,0.770000767333333,21.9968561379593,398.73757936,390.083343506667,0.126654154059916,0.0985798287333333,11.5408915190119,300.385041253333,376.715604,11.42780946,0.0469559234481569,14.2051762577223,0.393635968690933,10.7461615442031,11.0082642115384,11.1414045603667,1.80790738311095,38.4,0.0228004377074363,168,0.403595656176589,0.403595656176589
"PEFR5","2042","Mariano","20160716",6,16.7781991313333,14.848314602,0.803379741059066,0.950636808533333,29.1311567933333,34.31513125,1.15404837026667,1.04332510153333,41.9480237326667,0.698626059,36.725384156095,397.60086874,390.255922446667,0.102664703602427,0.0638695429333333,7.36326584009027,272.698909706667,390.269370633333,9.8014428395,0.0368602479295754,12.2752504489379,0.704714711605205,9.40742055768378,9.56227503330579,9.6384372730411,1.99335213149806,54,0.0192182156663875,220,0.236520553429532,0.236520553429532
"PEFR5","2043","Flash","20160716",6,17.6486047726667,14.84013462,0.782668992575336,0.964983667133333,24.1752766926667,30.5455499013333,1.2525168264,1.0880762838,20.16076711,0.733213434,28.3442783405506,398.164066553333,390.267236333333,0.124747693036329,0.0793413848666667,6.16721931301329,286.204636026667,385.787448466667,9.9709748855,0.0498079176791963,12.619418138171,0.684051440343405,9.41749535829354,9.54154575409614,9.60284227322065,2.48878964209716,49.9,0.0230637991373764,186,0.356744281561113,0.356744281561113
"PEFR5","2148","Derek","20160719",6,4.2541384895,4.88596399622222,4.56914018167072,1.00183430272222,49.4337232372222,68.0742715205556,0.293007496777778,0.310475742166667,70.19882308,0.903501166388889,9.41257212797663,402.345496294444,390.361750283333,0.128371514303316,0.271076631166667,7.87218877756758,352.715581922222,393.5201115,11.631395352,0.0321833635288699,17.4132067035009,0.146183246738523,10.9907143089781,11.5625674010094,11.8654903365475,2.193264448858,68,0.0141389327067847,297,0.28583608098434,0.28583608098434
"PEFR5","2160","Mariano","20160719",6,4.19615121441176,4.92283341476471,3.91892892864442,0.982701166117647,47.0658926117647,59.1090108088235,0.362401990823529,0.383913144823529,88.2591772641177,0.911325865588235,8.01392086655138,396.420431694118,390.339953252941,0.0966151368550711,0.158608887529412,16.7010387090415,355.741047847059,390.5685604,7.02340040925,0.0158054891128474,9.73794640861548,0.413396125306611,6.66794884504824,6.98411165479155,7.14811546251315,0.952537959112953,60,0.00865582782966065,290,0.208902264005025,0.208902264005025
"PEFR5","2165","Andy","20160719",6,3.00200033810526,4.98821745421053,6.66126788595436,0.748567686736842,43.15718982,64.6708896036842,0.329195276526316,0.387261250947368,85.5345053405263,0.917147317578947,6.63368541480373,398.914847926316,390.2276515,0.0757704390841729,0.266823085631579,2.93037483665048,357.909494863158,390.265565433333,8.6583404864,0.0268152580005371,11.8474076019091,0.417912689413091,8.35971891919525,8.65575086165622,8.80721364934664,1.58598236437766,59,0.0128586305520568,254,0.210849932510979,0.210849932510979
"PEFR5","2186","Mariano","20160720",6,3.9178612074,5.13646901453333,9.37072009125805,0.528105440333333,68.912713368,83.5914281206667,0.168991147733333,0.206128783066667,3.87368798253333,0.923517506,11.7486879288357,396.75370484,390.483913173333,0.117164412061883,0.4150070802,44.7584103390183,360.64668334,393.4272127,8.6203420025,0.0312772718434253,12.8072518407178,0.405791133020018,8.3751062164315,8.67838671828769,8.83340474010371,2.48743121966996,79.4,0.0120256208288565,304,0.15027863581672,0.15027863581672
"PEFR5","2193","Mariano","20160720",6,3.71177290171429,5.10366579471429,8.19430648306754,0.399275414785714,67.0148560664286,79.5168713164286,0.204488965142857,0.246586591928571,4.947822673,0.931950837571429,6.88668075801193,396.9721963,390.410637992857,0.13073751622143,0.259378263357143,9.38083824285654,363.861460285714,389.520488166667,8.243456515,0.0321804807674639,10.8744658284926,0.513841688646655,8.059930429941,8.25443725878889,8.35232180495614,1.63106936679585,50.6,0.0153502418639133,210,0.202651594320227,0.202651594320227
"SAPU15","1876","Andy","20160712",3.505,15.154111418,14.942612648,0.682198624720716,0.605415381533333,72.5861328126667,75.585136414,0.410789087133333,0.398756578533333,18.9643751153333,0.82897208,16.3925645827342,395.974167893333,390.051519773333,0.0684575185624446,0.1305679528,22.7409809704275,323.35195962,383.888802866667,12.8720491,0.0381956276586286,17.8582052898811,0.199479794068386,12.4514738862207,12.9775589969251,13.2530968832297,1.69424714860732,44.3,0.0195214650094514,211,0.219362680537978,0.219362680537978
"SAPU15","1893","Andy","20160711",4.207,14.4011512133333,14.8710045506667,0.466416404415505,-0.0482918795333333,49.4229268393333,64.1053293853333,0.619626113266667,0.644602930466667,20.0307249073333,0.920039955866667,8.72339140281096,398.26380208,390.355013013333,0.121455671160446,0.339716688866667,8.4006359853388,359.166018566667,395.406790533333,14.99394417,0.0335876818360401,20.0289924737604,0.765823172824629,14.5430031172878,14.9741153977494,15.1823380566203,3.22057272278895,95.8,0.0185100942622164,397,0.375052194033559,0.375052194033559
"SAPU15","1894","Mariano","20160711",3.397,14.4857683813333,14.8798204413333,0.69054367714258,-0.143303640066667,46.369843546,59.7394002266667,0.6902936692,0.711293885933333,26.6233661653333,0.920032890133333,8.05781877393769,396.808335373333,390.441743986667,0.133232627147284,0.3471685354,4.95756829040104,359.2332147,389.889313766667,14.48510964,0.0366384312188061,21.6942168449309,0.270885864927745,13.987936254369,14.7126506910637,15.093999386133,2.5306145967307,69,0.0175671151412373,308,0.153401373383463,0.153401373383463
"SAPU15","1895","Andy","20160711",4.435,14.395007134,14.8793190633333,0.608014327737217,0.0996710288,44.645960236,57.46515325,0.7293850536,0.755150336733333,5.5782949766,0.898984139133333,10.4616459531069,397.65016276,390.415822346667,0.125132277956429,0.2335590096,6.03962698403037,351.007917113333,392.123645333333,12.12906294,0.0400096050804783,17.1222728302825,0.47443747114705,11.8972229255474,12.294195271832,12.4957942438243,2.74258816921958,68.5,0.0180198391952633,277,0.198748213270789,0.198748213270789
"SAPU15","1896","Mariano","20160711",3.648,15.062834104,14.8638431546667,0.388022718961104,-0.0168720616,39.7277575173333,52.4220380146667,0.807869191266667,0.796825873733333,0.943311103133333,0.865069250533333,11.3790518987024,400.158367933333,390.2889628,0.145775089984488,0.281862265466667,15.2455287357965,337.64583472,383.707772733333,18.78153606,0.0539035359716711,23.4466086082142,0.559996329551344,18.0819666857644,18.5859740912127,18.8392055641768,2.33119188345748,43.2,0.0313483194110231,213,0.272773935571318,0.272773935571318
"SAPU15","1897","Andy","20160711",4.697,15.7177786506667,14.8531568513333,0.573528195155738,0.258352014733333,35.7932636266667,48.0616127013333,0.887769091,0.838870156333333,3.92261300073333,0.904474711666667,11.7472970474911,396.716357426667,390.353928633333,0.100379182551386,0.205465875733333,4.20160363521608,353.08823564,401.309103066667,11.2974089,0.0448032816469493,17.9525809090545,0.312470207891418,10.9114602454336,11.3580229979843,11.5882100571279,4.0812171872778,91,0.0144791757072097,342,0.321375892415332,0.321375892415332
"SAPU15","1957","Flash","20160713",3.269,13.9057134,14.9703369786667,1.42133008207591,0.0983705801333333,57.4815719606667,66.2850074766667,0.595652048866667,0.653299146266667,120.010075633333,0.871372677866667,11.6218851978988,397.91269328,389.97203776,0.0675844478332036,0.2456929662,22.8320665465043,339.805428853333,381.404391833333,16.27588709,0.0473507503736387,19.4591838145619,0.696525555621414,15.9175455196806,16.2339604123576,16.3895570989462,1.76324094327953,37.2,0.0304639456967597,201,0.734164673827143,0.734164673827143
"SAPU15","1966","Flash","20160714",4.974,14.6747475313333,14.883325322,0.657359792961024,0.301882020333333,63.2882581073333,74.4150177006667,0.445613661466667,0.456154045933333,136.383188886667,0.918562199866667,7.26144007050838,399.157979346667,390.216770413333,0.0885141670516241,0.312894538466667,16.3458321464441,358.45033394,389.0304428,13.06212097,0.0382868944430581,17.1641489161056,0.525029665515927,12.710862259432,13.1056213821768,13.3050404511692,2.03407871430866,53,0.0204668939593337,241,0.152421556130743,0.152421556130743
"SAPU15","1967","Mariano","20160714",4.754,14.87237746,14.916194216,0.733428953916298,0.277195127133333,51.72460734,62.760083008,0.637111921866667,0.639006835533333,141.401836146667,0.8959428454,10.3980178259769,398.04135946,390.14863282,0.0988346282155915,0.229026888666667,7.43219677685116,349.571128486667,389.229224133333,12.98697605,0.0344103961760191,18.816122663442,0.205271629641798,12.4002948308299,13.0113668582034,13.3336118427656,1.99278891794989,57.8,0.0168106308635493,265,0.202115875526003,0.202115875526003
"SAPU15","1978","Flash","20160714",3.261,14.0244825366667,15.0040631626667,1.6933717820693,-0.162707395066667,49.9793197633333,62.8099347446667,0.65287241,0.7057513614,162.039856966667,0.879105835133333,10.165406107348,399.357857253333,390.073087573333,0.0891510358886725,0.3366236832,12.2508176358452,342.91220422,384.943155366667,19.124612205,0.0366009167853979,20.406460669374,0.942571365293185,18.1712036690747,18.314663605148,18.379390685061,1.59652482055145,43.5,0.0293439681485524,339,1.06120310947505,1.06120310947505
"SAPU15","1984","Mariano","20160714",3.855,14.37401123,14.9865153626667,1.38607262673324,-0.597946005666667,28.0243679046667,50.424230194,0.851335542533333,0.884328102333333,188.130944813333,0.892653153933333,9.76620103412046,401.683577493333,390.003763853333,0.0804998368104079,0.416621438733333,8.80711506494011,348.14423172,385.2940382,22.35587851,0.0411930124205266,28.8481356657866,0.651251474406944,21.6033844299442,22.4920587142582,22.9363959544592,2.09998620797696,50.9,0.0274740408372115,300,0.408907456667065,0.408907456667065
"SAPU15","2057","Flash","20160717",4.379,6.4221691915,4.77497124657143,5.13516046477819,0.817510460214286,58.1262089864286,64.5234320521429,0.293672220571429,0.241804646214286,54.4475936885714,0.9295861585,5.36070216899794,394.437805178571,389.875946028571,0.128754284928088,0.217162379285714,14.8781350670402,362.414835207143,385.7887153,6.153740161,0.0195979316195602,6.66842983222686,0.980300903053919,6.00071314195956,6.00844168383858,6.012058684679,0.629677769067763,31.9,0.0162099266351078,252,0.390211985665288,0.390211985665288
"SAPU15","2058","Mariano","20160717",4.584,5.59863082573333,4.88946984606667,1.60471995128235,0.610019828666667,51.89451243,63.1912966413333,0.3151890828,0.2932053608,76.9496994013333,0.942483565666667,4.31853145223015,395.456404626667,390.11696982,0.0687257290378244,0.289548791666667,13.9668798397037,367.681277326667,386.230081133333,7.7512850175,0.0255843646173188,9.44773881211061,0.556166126004115,7.48801090169077,7.66222376479214,7.74958116761658,0.914345516427484,35.6,0.0149906856606767,178,0.162881489236946,0.162881489236946
"SAPU15","2059","Flash","20160717",4.199,4.6776890438,4.837042872,3.25223172096679,0.649510296266667,71.052527872,77.423918152,0.201954069,0.206144789933333,125.992616276,0.917234109733333,8.0377941252923,395.184757473333,390.033520506667,0.0564948441978582,0.241873901,47.8203360776015,357.753984526667,383.273949133333,7.654842723,0.0387765531173361,9.25569929205196,0.586303568844576,7.40211829388495,7.50726897138536,7.55969497643949,1.23107687440144,31.7,0.0204180611775416,139,0.261687668392292,0.261687668392292
"SAPU15","2060","Mariano","20160717",3.887,5.34712020553333,4.90409921026667,2.16379183464827,0.499509806333333,57.9582517,68.9565872193333,0.266039901733333,0.252239913066667,93.6349268626667,0.964899397,2.73631302660084,393.69531862,390.17477214,0.0689160284342765,0.386351537133333,6.48471474281481,376.48241376,387.732003433333,5.6660566755,0.025596843529592,7.44575747920174,0.43645185014412,5.6285285579141,5.75539373084534,5.81956002137639,1.02996514541842,40.1,0.0121915433452998,171,0.178154661165913,0.178154661165913
"SAPU15","2067","Flash","20160717",3.756,7.60499903135714,4.80572683478571,1.61482558097474,0.558121029857143,39.107583455,47.9211221421429,0.4523527535,0.363613236928571,110.587292265,0.933105257285714,4.66368458573538,394.309419907143,390.005876821429,0.081283205814418,0.250233587928571,8.5994602987887,363.915320957143,383.851344433333,7.240335313,0.0298677927090961,8.73548733204017,0.612946624277008,7.14869767890259,7.26513782235893,7.32306331055584,0.903839487509409,30.1,0.0176007381159673,148,0.256569725982975,0.256569725982975
"SAPU15","2068","Mariano","20160717",4.534,4.51180777546667,4.87245273593333,2.82860112858144,0.675918576733333,70.081707256,76.2186101273333,0.212518658133333,0.223281777933333,112.22381083,0.905111540733333,7.01342149296737,395.844614666667,390.284053546667,0.0456951037626673,0.1881392636,12.489527858584,353.251404673333,382.903036433333,8.022305512,0.0316941729283273,9.13170335067926,0.549629608662476,7.50171917218632,7.63492676214552,7.70161032081263,0.832176353796969,26.1,0.0188914141977478,134,0.29954964687313,0.29954964687313
"SAPU15","2069","Flash","20160717",3.737,8.33022667553333,4.85960117993333,2.60869843277517,0.790292425533333,38.0318232226667,45.925924938,0.476217148,0.364453245266667,100.993416844667,0.9072701296,6.30868409153909,395.656553146667,390.065887446667,0.10264337051501,0.234785957333333,8.78306465408011,353.90304056,380.3337251,8.861142007,0.0245960154282659,9.09652917386091,0.887392403308569,8.58276164680889,8.64327692059298,8.67203807326483,0.204414595627109,8.20000000000002,0.0217179980224358,126,0.336688475666598,0.336688475666598
"SAPU15","2070","Mariano","20160717",3.945,4.53386581733333,4.95158176426667,2.77838448140125,0.462366312,50.201402792,60.8712832133333,0.345189954333333,0.357608135133333,90.2460576353333,0.946133144266667,5.52868788619117,393.5274231,389.848858646667,0.123502739397428,0.237885094866667,13.2987440211191,368.857212253333,393.8815167,6.9043521475,0.0219181551087319,8.12532051526954,0.921654416316454,6.16805440955158,6.20746729496327,6.2260516768237,1.75989731466465,80.1,0.0128059589813918,297,0.510199668205953,0.510199668205953
"SAPU15","2103","Mariano","20160718",4.107,4.88042620242857,4.92646384235714,2.20217280709827,0.142795071928571,53.7003805971429,68.8194514685714,0.273903667357143,0.274960226642857,102.389469145714,0.958357683214286,3.76218279215818,395.190475464286,390.012122021429,0.0501273139464872,0.5313398095,7.53052212095105,373.770579892857,389.024726033333,11.3740104,0.0280759193094197,14.9901837315099,0.59019957022401,11.1640122192797,11.5426421446565,11.7328058779,1.56607374434176,55.7,0.0162920922582927,271,0.338100265209161,0.338100265209161
"SAPU15","2104","Flash","20160718",4.164,6.90559995175,4.940687269125,2.82972961510631,0.678981829875,48.134362936875,60.402036190625,0.3346696295,0.2724365173125,97.37640141875,0.9435176085,3.62509986846105,396.68204880625,389.84089660625,0.126799851696926,0.4920850468125,26.7988425086281,367.82700586875,384.020045333333,11.7708922133333,0.0431754286794913,14.4725991388478,0.260417844020761,11.1870263644551,11.5111187921112,11.677953798116,1.14167368878448,26.4,0.0241654644389871,135,0.414953233385565,0.414953233385565
"SAPU15","2106","Flash","20160718",3.657,6.43919830313333,5.05131073,6.50599610762392,0.472460873133333,53.3135007233333,64.0352579753333,0.3042919806,0.260906783133333,108.220532223333,0.9417809542,3.44923910825659,396.133479813333,390.01380616,0.122274735219208,0.486942746,19.1478719073261,367.303223106667,381.7499034,12.06701708,0.0309823608234124,13.6058117497509,0.53349965573095,11.72917880111,12.0334211529441,12.1868686029787,0.0215395580663796,0.600000000000023,0.0292955460746139,26,0.37557252045126,0.37557252045126
